mission_id,order_no,section,kind,name,client_code,client,client_type,dest_code,dest,dest_type,order_person,episode,area,target,target_how,cargo,cargo_items,rank_table,rank_s,rank_a,rank_b,rank_extra,unlocks,alt_name,no_source,list,list_index,object,mission_id_raw_hex
10,1,Main,main,Return Home,,,,,,,,1,l100_mex,Sam's Shelter,story: last to-do marker on a named place,,,,,,,,11011160 1d8e41e5 2bf80b63 2e295db3 38a8f897 3c9d7941 3d79ae47 4ef6fa42 4f122d44 618c848f 636a9263 6c629c7c 710f5581,,game list index,499:87537,0,499:4891,1010000000a
20,2,Main,main,Deliver the Chiral Network Gateway to C1,101,Sam's Shelter,PreppersShelter,102,Ciudad Nudo del Norte (C1),DeliveryBase,,1,l100_mex,,,L×1,Chiral Network Gateway (L),BaggageDamage,5,25,49,"{""MaxBaggageDamagePercent"": -1}",,,game list index,499:87537,1,499:5798,10100000014
30,3,Main,main,Deliver One or More Remote Medical Units to Villa Libre,102,Ciudad Nudo del Norte (C1),DeliveryBase,103,Villa Libre,PreppersShelter,,1,l100_mex,,,XL×2,Remote Medical Unit (XL); Remote Medical Unit (XL),BaggageDamage,5,25,49,"{""MaxBaggageDamagePercent"": -1}",13e7078c 4944250e,,game list index,499:87537,2,499:10344,1010000001e
40,4,Main,main,Recover All Chiral Density Gauges Stolen by Bandits,103,Villa Libre,PreppersShelter,104,C1 South Distribution Center,DeliveryBase,,1,l100_mex,,,M×2,Chiral Density Gauge (M); Chiral Density Gauge (M),BaggageDamage,5,25,49,"{""MaxBaggageDamagePercent"": -1}",756224b6,,game list index,499:87537,3,499:7224,10100000028
50,5,Main,main,Defeat the BTs Near the Former Geophysics Research Lab and Deliver the Prototype MP Bullets,104,C1 South Distribution Center,DeliveryBase,105,Former Geophysics Research Lab,DeliveryBase,,1,l100_mex,,,S×1,Prototype MP Bullets (S),BaggageDamage,5,25,49,"{""MaxBaggageDamagePercent"": -1}",00b7f478 2fcd8ab5 5da609b6,,game list index,499:87537,4,499:10154,10100000032
60,6,Main,main,Defeat the Giant BT,,,,,,,Alex Weatherstone,1,l100_mex,Former Geophysics Research Lab,story: last to-do marker on a named place,,,PlayerDamage,150,300,400,,,,game list index,499:87537,5,499:5107,1010000003c
70,7,Main,main,Deliver the Present for Lou,105,Former Geophysics Research Lab,DeliveryBase,,,,Lou,1,l100_mex,Near Sam's Shelter,story: nearest place to the last to-do marker (71 m),S×1,Lou's Present (S),BaggageDamage,5,25,49,"{""MaxBaggageDamagePercent"": -1}",096c6d5d 26161390 72dc777b 7b07ee5e,,game list index,499:87537,6,499:4070,10100000046
80,8,Main,main,Connect the Australian Plate Gate Terminal to the Chiral Network,,,,201,Plate Gate,DeliveryBase,Drawbridge,3,l100_mex,,,,,FixedEvaluation,Rank_S,,,,0edeb211 1203d08a 17187678 1b2a222c 26c1ffeb 34505ce1 385b0cd0 547d9093 5cb0b533 5ccbd2cd 666a0cb5 6e7d4315 6fe5c2e6 753aff41,,game list index,499:87537,7,499:4209,10100000050
90,9,Main,main,Deliver the Chiral Decontaminator to the Government's Base,300,DHV Magellan,StageTurretTerminal,202,The Government's Base,PreppersShelter,,3,l200_aus,,,L×1,Chiral Decontaminator (L),BaggageDamage,5,25,49,"{""MaxBaggageDamagePercent"": -1}",,,game list index,499:87537,8,499:5477,1010000005a
100,10,Main,main,[Elimination] Liberate the Western Environmental Observatory from the Brigands,202,The Government's Base,PreppersShelter,203,Western Environmental Observatory,PreppersShelter,,3,l200_aus,,,,,PlayerDamage,100,200,300,,440c2a1e 4708e49f,,game list index,499:87537,9,499:7418,10100000064
130,11,Main,main,Destroy the Communications Disruptor and Deliver the Mysterious Recording to the Musician,300,DHV Magellan,StageTurretTerminal,205,The Musician,PreppersShelter,,3,l200_aus,,,L×1,Mysterious Recording (L),BaggageDamage,5,25,49,"{""MaxBaggageDamagePercent"": -1}",1a3c9ea9 472d6367 68571daa,,game list index,499:87537,10,499:7739,10100000082
135,12,Main,main,Investigate the Unusual Tar Currents near F1,205,The Musician,PreppersShelter,206,West Fort Knot (F1),DeliveryBase,,3,l200_aus,,,,,PlayerDamage,100,200,300,,,,game list index,499:87537,11,499:7973,10100000087
160,13,Main,main,Restore the Monorail and Deliver Special Alloys [4800] to F1,300,DHV Magellan,StageTurretTerminal,206,West Fort Knot (F1),DeliveryBase,,3,l200_aus,,,"XL×2, L×1","Special Alloys [{0}] (XL x480, supply); Special Alloys [{0}] (L x240, supply); Resins [{0}] (XL x320, supply)",FixedEvaluation,Rank_S,,,,0cbd3b8d 12265772,,game list index,499:87537,12,499:9196,101000000a0
170,14,Main,main,Deliver All Terraforming Equipment to Rainbow Valley,206,West Fort Knot (F1),DeliveryBase,209,Rainbow Valley,PreppersShelter,,3,l200_aus,,,L×6,Terraforming Equipment (L); Terraforming Equipment (L); Terraforming Equipment (L); Terraforming Equipment (L); Terraforming Equipment (L); Terraforming Equipment (L),BaggageDamage,5,25,49,"{""MaxBaggageDamagePercent"": -1}",,,game list index,499:87537,13,499:8924,101000000aa
180,15,Main,main,Deliver the Test Subject Kangaroo to the Animal Shelter,209,Rainbow Valley,PreppersShelter,210,Animal Shelter,PreppersShelter,,4,l200_aus,,,Test Subject Kangaroo×1,"Test Subject Kangaroo (4L, animal)",BaggageDamage,5,25,49,"{""MaxBaggageDamagePercent"": -1}",1775256b 34695884 54b6ff75 5d9f0dd3 73cacbfe,,game list index,499:87537,14,499:9641,4101000000b4
190,16,Main,main,Deliver All Aid Packages to the Northern Environmental Observatory,206,West Fort Knot (F1),DeliveryBase,213,Northern Environmental Observatory,PreppersShelter,,4,l200_aus,,,L×14,Aid Package (L); Aid Package (L); Aid Package (L); Aid Package (L); Aid Package (L); Aid Package (L); Aid Package (L); Aid Package (L); Aid Package (L); Aid Package (L); Aid Package (L); Aid Package (L); Aid Package (L); Aid Package (L),BaggageDamage,5,25,49,"{""MaxBaggageDamagePercent"": -1}",09a702bb 47146702,,game list index,499:87537,15,499:7537,101000000be
220,17,Main,main,Escape the Strange Realm,,,,,,,Drawbridge,5,l400_nr1,,,,,PlayerDamage,150,300,500,,,,game list index,499:87537,16,499:9943,101000000dc
230,18,Main,main,[Hazardous] Recover All Weapon Sets and Burrowing Bombs Stolen by the Brigands,300,DHV Magellan,StageTurretTerminal,213,Northern Environmental Observatory,PreppersShelter,,6,l200_aus,,,L×3,Weapon Set (L); Weapon Set (L); Burrowing Bomb (L),BaggageDamage,5,25,49,"{""MaxBaggageDamagePercent"": -1}",,,game list index,499:87537,17,499:8932,101000000e6
240,19,Main,main,[Do Not Submerge] Deliver Necrobiotes to the F2 South Distribution Center,213,Northern Environmental Observatory,PreppersShelter,215,F2 South Distribution Center,DeliveryBase,,6,l200_aus,,,L×1,Necrobiotes (L),BaggageDamage,5,25,49,"{""MaxBaggageDamagePercent"": -1}",,,game list index,499:87537,18,499:6749,101000000f0
245,20,Main,main,Deliver All Aid Packages and Chiral Printer Parts to F1,215,F2 South Distribution Center,DeliveryBase,206,West Fort Knot (F1),DeliveryBase,,6,l200_aus,,,L×17,Chiral Printer Parts (L); Aid Package (L); Aid Package (L); Aid Package (L); Aid Package (L); Aid Package (L); Aid Package (L); Aid Package (L); Aid Package (L); Aid Package (L); Aid Package (L); Aid Package (L); Aid Package (L); Aid Package (L); Aid Package (L); Aid Package (L); Aid Package (L),BaggageDamage,5,25,49,"{""MaxBaggageDamagePercent"": -1}",193e5f43 2f3fe136 5d546235,,game list index,499:87537,19,499:7512,101000000f5
250,21,Main,main,Rescue the Dowser's Friend from the Armed Survivalists,215,F2 South Distribution Center,DeliveryBase,216,The Dowser,PreppersShelter,,6,l200_aus,,,The Dowser's Friend×1,"The Dowser's Friend (Human, person)",BaggageDamage,5,25,49,"{""MaxBaggageDamagePercent"": -1}",,,game list index,499:87537,20,499:9807,101000000fa
260,22,Main,main,Search for Tomorrow,300,DHV Magellan,StageTurretTerminal,,,,Drawbridge,6,l200_aus,Near Northern Environmental Observatory,story: nearest place to the last to-do marker (307 m),,,FixedEvaluation,Rank_S,,,,00459ffb 19075b26 25dfbd9c 357fe401 4e0491c1 57b43e9f 6b6cd825 7bcc81b8,,game list index,499:87537,21,499:6406,10100000104
270,23,Main,main,[Breakable Cargo] Deliver Tar Magnetite to Heartman's Lab,216,The Dowser,PreppersShelter,217,Heartman's Lab,DeliveryBase,,6,l200_aus,,,L×1,Tar Magnetite (L),BaggageDamage,5,25,49,"{""MaxBaggageDamagePercent"": -1}",13156c0f,,game list index,499:87537,22,499:7697,1010000010e
280,24,Main,main,[Chilled] Deliver the Beach Yeast to the Pizza Chef,217,Heartman's Lab,DeliveryBase,218,The Pizza Chef,PreppersShelter,,7,l200_aus,,,XL×1,Beach Yeast (XL),BaggageDamage,5,25,49,"{""MaxBaggageDamagePercent"": -1}",,,game list index,499:87537,23,499:4558,10100000118
290,25,Main,main,[Keep Flat/Express] Deliver a Piping Hot Pizza to the Data Scientist,218,The Pizza Chef,PreppersShelter,220,The Data Scientist,PreppersShelter,,7,l200_aus,,,L×1,Piping Hot Pizza (L),ClearTime,600,900,1200,"{""MaxElapsedTimeSec"": -1}",087ad1d8,,game list index,499:87537,24,499:11017,10100000122
300,26,Main,main,Recover Old BB Pod from the Armed Survivalists' Base,220,The Data Scientist,PreppersShelter,219,The Motherhood,PreppersShelter,,7,l200_aus,,,L×1,Old BB Pod (L),BaggageDamage,5,25,49,"{""MaxBaggageDamagePercent"": -1}",617eef0c 68a57629,,game list index,499:87537,25,499:5186,1010000012c
305,27,Main,main,Deliver All Tar Dissolvent to the DHV Magellan,215,F2 South Distribution Center,DeliveryBase,300,DHV Magellan,StageTurretTerminal,,7,l200_aus,,,XL×4,Tar Dissolvent (XL); Tar Dissolvent (XL); Tar Dissolvent (XL); Tar Dissolvent (XL),BaggageDamage,5,25,49,"{""MaxBaggageDamagePercent"": -1}",,,game list index,499:87537,26,499:8169,10100000131
310,28,Main,main,"Extract Data from the Weapons Fabricators and Destroy Them, Then Bring the Data Back to the DHV Magellan in the Ring Terminal Expansion Device",300,DHV Magellan,StageTurretTerminal,300,DHV Magellan,StageTurretTerminal,,7,l200_aus,,,S×1,Ring Terminal Expansion Device (S),PlayerDamage,100,200,300,,01a148fd 26dd7c76,,game list index,499:87537,27,499:10135,10100000136
320,29,Main,main,Recover the Coffin from the Armed Survivalists' Base,219,The Motherhood,PreppersShelter,221,The Mechanic,PreppersShelter,,7,l200_aus,,,Coffin×1,Coffin (Coffinboard),BaggageDamage,5,25,49,"{""MaxBaggageDamagePercent"": -1}",,,game list index,499:87537,28,499:8463,10100000140
340,30,Main,main,Deliver All Prototype Life Support Systems to F4,206,West Fort Knot (F1),DeliveryBase,222,East Fort Knot (F4),DeliveryBase,,7,l200_aus,,,XL×3,Life Support System Prototype (XL); Life Support System Prototype (XL); Life Support System Prototype (XL),BaggageDamage,5,25,49,"{""MaxBaggageDamagePercent"": -1}",7ed6b88e,,game list index,499:87537,29,499:8496,10100000154
350,31,Main,main,Escape from the Strange Realm,,,,,,,Drawbridge,8,l500_nr2,,,,,PlayerDamage,150,250,400,,,,game list index,499:87537,30,499:7324,1010000015e
360,32,Main,main,[Do Not Submerge] Deliver the Cryptobiote Variants to the Chronobiologist,222,East Fort Knot (F4),DeliveryBase,223,The Chronobiologist,PreppersShelter,,8,l200_aus,,,L×1,Cryptobiote Variants (L),BaggageDamage,5,25,49,"{""MaxBaggageDamagePercent"": -1}",2700af15 6941a12f,,game list index,499:87537,31,499:5422,10100000168
370,33,Main,main,Deliver Timefall-Resistant Emu to the Metagenomicist,223,The Chronobiologist,PreppersShelter,225,The Metagenomicist,PreppersShelter,,8,l200_aus,,,Timefall-Resistant Emu×1,"Timefall-Resistant Emu (4L, animal)",BaggageDamage,5,25,49,"{""MaxBaggageDamagePercent"": -1}",21f09baa,,game list index,499:87537,32,499:10106,410100000172
390,34,Main,main,Deliver All Chiral Microbes to the F5 East Distribution Center,225,The Metagenomicist,PreppersShelter,226,F5 East Distribution Center,DeliveryBase,,8,l200_aus,,,XL×4,Chiral Microbes (XL); Chiral Microbes (XL); Chiral Microbes (XL); Chiral Microbes (XL),BaggageDamage,5,25,49,"{""MaxBaggageDamagePercent"": -1}",20731cb3,,game list index,499:87537,33,499:9587,10100000186
410,35,Main,main,"[Elimination] Extract Data from the Ghost Mech Fabricators and Destroy Them Along with Any Guards, Then Bring the Data Back to the DHV Magellan in the Ring Terminal Expansion Device",300,DHV Magellan,StageTurretTerminal,300,DHV Magellan,StageTurretTerminal,,8,l200_aus,,,S×1,Ring Terminal Expansion Device (S),BaggageDamage,5,25,49,"{""MaxBaggageDamagePercent"": -1}",,,game list index,499:87537,34,499:4593,1010000019a
415,36,Main,main,[Hazardous] Cross Treacherous Snowy Peaks to Deliver a Meteorite to the Adventurer,226,F5 East Distribution Center,DeliveryBase,227,The Adventurer,PreppersShelter,,8,l200_aus,,,XL×1,Meteorite (XL),BaggageDamage,5,25,49,"{""MaxBaggageDamagePercent"": -1}",,,game list index,499:87537,35,499:7923,1010000019f
420,37,Main,main,Rescue the Adventurer from the Snowy Mountains,227,The Adventurer,PreppersShelter,227,The Adventurer,PreppersShelter,,8,l200_aus,,,The Adventurer×1,"The Adventurer (Human, person)",BaggageDamage,5,25,49,"{""MaxBaggageDamagePercent"": -1}",,,game list index,499:87537,36,499:6351,101000001a4
430,38,Main,main,Deliver the Chiral Decontaminators and Sedatives to the Eastern Environmental Observatory,227,The Adventurer,PreppersShelter,228,Eastern Environmental Observatory,PreppersShelter,,9,l200_aus,,,"L×2, S×4",Chiral Decontaminator (L); Chiral Decontaminator (L); Sedatives (S); Sedatives (S); Sedatives (S); Sedatives (S),BaggageDamage,5,25,49,"{""MaxBaggageDamagePercent"": -1}",1acef52a 35b48be7,,game list index,499:87537,37,499:6548,101000001ae
440,39,Main,main,Destroy the Giant Ghost Mech,,,,,,,Drawbridge,9,l200_aus,,,,,MagellanDamage,50,70,90,,,,game list index,499:87537,38,499:5416,101000001b8
450,40,Main,main,[Breakable Cargo] Recover All Stranded Cargo,300,DHV Magellan,StageTurretTerminal,229,The Phantom Smith,PreppersShelter,,9,l200_aus,,,S×3,Stranded Cargo (S); Stranded Cargo (S); Stranded Cargo (S),BaggageDamage,5,25,49,"{""MaxBaggageDamagePercent"": -1}",099e06de 47df08e4,,game list index,499:87537,39,499:9513,101000001c2
460,41,Main,main,[Hazardous] Deliver the Chiral Field Controller Prototypes to F6,229,The Phantom Smith,PreppersShelter,231,South Fort Knot (F6),DeliveryBase,,9,l200_aus,,,L×5,Chiral Field Controller Prototype (L); Chiral Field Controller Prototype (L); Chiral Field Controller Prototype (L); Chiral Field Controller Prototype (L); Chiral Field Controller Prototype (L),BaggageDamage,5,25,49,"{""MaxBaggageDamagePercent"": -1}",7bf585dd,,game list index,499:87537,40,499:7567,101000001cc
500,42,Main,main,Deliver Chiral Cyclotron Parts and All Special Materials to the DHV Magellan,231,South Fort Knot (F6),DeliveryBase,300,DHV Magellan,StageTurretTerminal,,9,l200_aus,,,"L×10, S×10",Chiral Cyclotron Parts (L); Chiral Cyclotron Parts (L); Chiral Cyclotron Parts (L); Chiral Cyclotron Parts (L); Chiral Cyclotron Parts (L); Chiral Cyclotron Parts (L); Chiral Cyclotron Parts (L); Chiral Cyclotron Parts (L); Chiral Cyclotron Parts (L); Chiral Cyclotron Parts (L); Special Material (S); Special Material (S); Special Material (S); Special Material (S); Special Material (S); Special Material (S); Special Material (S); Special Material (S); Special Material (S); Special Material (S),BaggageDamage,5,25,49,"{""MaxBaggageDamagePercent"": -1}",05a59b35 16f568c1 208c102d 25e6b9f9 26e47813 3d8bc5c4 41b760da 4acac938 52e7932e 599a3acc 6f8b5b46 7338a07d 7cdba8b2,,game list index,499:87537,41,499:4508,101000001f4
510,43,Main,main,Destroy All Chiral Jammers and Eliminate the Threat to the Southern Environmental Observatory,300,DHV Magellan,StageTurretTerminal,233,Southern Environmental Observatory,PreppersShelter,,9,l200_aus,,,,,PlayerDamage,100,200,300,,,,game list index,499:87537,42,499:5256,101000001fe
520,44,Main,main,Deliver the Network Stabilizer to the F7 North Distribution Center,217,Heartman's Lab,DeliveryBase,234,F7 North Distribution Center,DeliveryBase,,10,l200_aus,,,L×1,Network Stabilizer (L),BaggageDamage,5,25,49,"{""MaxBaggageDamagePercent"": -1}",578d3afa,,game list index,499:87537,43,499:10468,10100000208
530,45,Main,main,Return from the Strange Realm,,,,,,,Drawbridge,11,l600_nr3,,,,,PlayerDamage,300,400,500,,,,game list index,499:87537,44,499:10884,10100000212
540,46,Main,main,Deliver the Drawbridge Terminal Unit to F8,300,DHV Magellan,StageTurretTerminal,235,Terminal Fort Knot (F8),DeliveryBase,,12,l200_aus,,,L×1,Drawbridge Terminal Unit (L),BaggageDamage,5,25,49,"{""MaxBaggageDamagePercent"": -1}",3bddcd8e,,game list index,499:87537,45,499:7502,1010000021c
550,47,Main,main,Find an Item with a Deep Connection to Higgs,,,,,,,Drawbridge,14,l200_aus,Near Sam's Shelter,story: nearest place to the last to-do marker (8 m),,,FixedEvaluation,Rank_S,,,,0888ba5b 0a9cc734 1bd849af 27f2c496 34a23762 3c6f12c2 46c9b461 47e60c81 5c42deb0 609a380a 722e1cf8 78f74437 7ae33958,,game list index,499:87537,46,499:5956,10100000226
560,48,Main,main,Defeat Higgs and Save Tomorrow,,,,,,,Drawbridge,15,l700_bea,Sam's Shelter,story: last to-do marker on a named place,,,PlayerDamage,200,300,400,,0153237e 1af7f14f 2ff48ed0 4602db87 4fe046c7 544494f6 556b2c16 7a1152db,,game list index,499:87537,47,499:7714,10100000230
570,49,Main,main,Deliver the Present for Lou,105,Former Geophysics Research Lab,DeliveryBase,101,Sam's Shelter,PreppersShelter,Tomorrow,,l200_aus,,,S×1,Lou's Present (S),FixedEvaluation,Rank_S,,,,,,inferred: next main number (not in a numbered list),499:31819,10,499:7407,1010000023a
110,100,Sub,sub,[Breakable Cargo] Deliver the Dismantled Rifle to the Lone Commander,202,The Government's Base,PreppersShelter,204,The Lone Commander,PreppersShelter,,,l200_aus,,,L×1,Dismantled Rifle (L),BaggageDamage,5,25,49,"{""MaxBaggageDamagePercent"": -1}",3234b715,,game list index,499:87537,0,499:6835,2020000006e
115,101,Sub,sub,Recover the Mementos from the BT Area,204,The Lone Commander,PreppersShelter,204,The Lone Commander,PreppersShelter,,,l200_aus,,,M×1,Mementos (M),BaggageDamage,5,25,49,"{""MaxBaggageDamagePercent"": -1}",,,game list index,499:87537,1,499:9449,20200000073
120,102,Sub,sub,Recover All Brigands' Reconnaissance Equipment,204,The Lone Commander,PreppersShelter,202,The Government's Base,PreppersShelter,,,l200_aus,,,M×4,Reconnaissance Equipment (M); Reconnaissance Equipment (M); Reconnaissance Equipment (M); Reconnaissance Equipment (M),BaggageDamage,5,25,49,"{""MaxBaggageDamagePercent"": -1}",,,game list index,499:87537,2,499:10703,20200000078
140,103,Sub,sub,[Breakable Cargo] Recover the Stolen Record Collection,205,The Musician,PreppersShelter,205,The Musician,PreppersShelter,,,l200_aus,,,L×1,Record Collection (L),BaggageDamage,5,25,49,"{""MaxBaggageDamagePercent"": -1}",30318a41 32a0685e 3546e064 3644218e 442fa28d 6b55dc40,,game list index,499:87537,3,499:6807,2020000008c
150,104,Sub,sub,Restore Smoke Hill Mine,203,Western Environmental Observatory,PreppersShelter,203,Western Environmental Observatory,PreppersShelter,,,l200_aus,,,XL×1,"Special Alloys [{0}] (XL x480, supply)",FixedEvaluation,Rank_S,,,,,,game list index,499:87537,4,499:9690,20200000096
295,105,Sub,sub,[Keep Flat/Express] Deliver a Piping Hot Pepperoni Pizza to the Architect,218,The Pizza Chef,PreppersShelter,214,The Architect,PreppersShelter,,,l200_aus,,,L×1,Piping-Hot Pepperoni Pizza (L),ClearTime,300,300,600,"{""MaxElapsedTimeSec"": -1}",,,game list index,499:87537,5,499:4740,20200000127
330,106,Sub,sub,Recover the Ghost Mech Cargo from the Weapons Factory,221,The Mechanic,PreppersShelter,220,The Data Scientist,PreppersShelter,,,l200_aus,,,M×1,Ghost Mech Cargo (M),BaggageDamage,5,25,49,"{""MaxBaggageDamagePercent"": -1}",288d3e7a,,game list index,499:87537,6,499:4642,2020000014a
335,107,Sub,sub,Recover One or More Empty Pizza Containers from the Armed Survivalists' Base,220,The Data Scientist,PreppersShelter,218,The Pizza Chef,PreppersShelter,,,l200_aus,,,L×3,Empty Pizza Container (L); Empty Pizza Container (L); Empty Pizza Container (L),BaggageDamage,5,25,49,"{""MaxBaggageDamagePercent"": -1}",,,game list index,499:87537,7,499:5362,2020000014f
337,108,Sub,sub,Deliver Dog Mech Sam Rescued to the Animal Shelter,220,The Data Scientist,PreppersShelter,210,Animal Shelter,PreppersShelter,,,l200_aus,,,M×1,Dog Mech Sam Rescued (M),BaggageDamage,5,25,49,"{""MaxBaggageDamagePercent"": -1}",,,game list index,499:87537,8,499:10586,20200000151
380,109,Sub,sub,[Breakable Cargo] Deliver Proof of an Attack to the Ghost Hunter,223,The Chronobiologist,PreppersShelter,224,The Ghost Hunter,PreppersShelter,,,l200_aus,,,XL×1,Proof of an Attack (XL),BaggageDamage,5,25,49,"{""MaxBaggageDamagePercent"": -1}",,,game list index,499:87537,9,499:10893,2020000017c
381,110,Sub,sub,[Elimination] Uncover the Identity of the Headless Riders and Remove the Threat,224,The Ghost Hunter,PreppersShelter,224,The Ghost Hunter,PreppersShelter,,,l200_aus,,,,,PlayerDamage,100,200,300,,12c8bf6c 7b3eea3b 7cb53112,,game list index,499:87537,10,499:4874,2020000017d
383,111,Sub,sub,Rescue the Child Crying in the Bushfire Zone,224,The Ghost Hunter,PreppersShelter,224,The Ghost Hunter,PreppersShelter,,,l200_aus,,,L×1,"Lyrebird with a Gift for Mimicry (L, animal)",BaggageDamage,5,25,49,"{""MaxBaggageDamagePercent"": -1}",,,game list index,499:87537,11,499:9287,42020000017f
384,112,Sub,sub,Deliver the Lyrebird Sam Rescued to the Animal Shelter,224,The Ghost Hunter,PreppersShelter,210,Animal Shelter,PreppersShelter,,,l200_aus,,,L×1,"Lyrebird Sam Rescued (L, animal)",BaggageDamage,5,25,49,"{""MaxBaggageDamagePercent"": -1}",,,game list index,499:87537,12,499:4136,420200000180
385,113,Sub,sub,[Breakable Cargo] Uncover the Mystery of the Moving House and Recover the Rusty Chiral Crystals,224,The Ghost Hunter,PreppersShelter,224,The Ghost Hunter,PreppersShelter,,,l200_aus,,,L×3,Rusty Chiral Crystals (L); Rusty Chiral Crystals (L); Rusty Chiral Crystals (L),BaggageDamage,5,25,49,"{""MaxBaggageDamagePercent"": -1}",,,game list index,499:87537,13,499:6081,20200000181
389,114,Sub,sub,Save F8 from a Voidout,224,The Ghost Hunter,PreppersShelter,224,The Ghost Hunter,PreppersShelter,,,l200_aus,,,,,PlayerDamage,100,200,300,,0aa5c351 2dd9f7da,,game list index,499:87537,14,499:8076,20200000185
395,115,Sub,sub,Deliver the Emu Sam Rescued to the Animal Shelter,225,The Metagenomicist,PreppersShelter,210,Animal Shelter,PreppersShelter,,,l200_aus,,,Emu Sam Rescued×1,"Emu Sam Rescued (4L, animal)",BaggageDamage,5,25,49,"{""MaxBaggageDamagePercent"": -1}",,,game list index,499:87537,15,499:9275,42020000018b
400,116,Sub,sub,Deliver All Stranded Ship's Cargo to the Fisherman,226,F5 East Distribution Center,DeliveryBase,212,The Fisherman,PreppersShelter,,,l200_aus,,,L×6,Stranded Ship's Cargo (L); Stranded Ship's Cargo (L); Stranded Ship's Cargo (L); Stranded Ship's Cargo (L); Stranded Ship's Cargo (L); Stranded Ship's Cargo (L),BaggageDamage,5,25,49,"{""MaxBaggageDamagePercent"": -1}",,,game list index,499:87537,16,499:10549,20200000190
405,117,Sub,sub,Defeat the Lord of the Tar Lake,212,The Fisherman,PreppersShelter,212,The Fisherman,PreppersShelter,,,l200_aus,,,,,PlayerDamage,100,200,300,,2f06e553 61b580ea,,game list index,499:87537,17,499:8389,20200000195
422,118,Sub,sub,Rescue the Adventurer from the BT Area,227,The Adventurer,PreppersShelter,227,The Adventurer,PreppersShelter,,,l200_aus,,,The Adventurer×1,"The Adventurer (Human, person)",BaggageDamage,5,25,49,"{""MaxBaggageDamagePercent"": -1}",,,game list index,499:87537,18,499:11057,202000001a6
424,119,Sub,sub,Rescue the Adventurer from a Chiral Creature-Infested Region,227,The Adventurer,PreppersShelter,227,The Adventurer,PreppersShelter,,,l200_aus,,,The Adventurer×1,"The Adventurer (Human, person)",BaggageDamage,5,25,49,"{""MaxBaggageDamagePercent"": -1}",,,game list index,499:87537,19,499:4316,202000001a8
428,120,Sub,sub,Rescue the Adventurer from the Highest Reaches of the Snowy Mountains,227,The Adventurer,PreppersShelter,227,The Adventurer,PreppersShelter,,,l200_aus,,,The Adventurer×1,"The Adventurer (Human, person)",BaggageDamage,5,25,49,"{""MaxBaggageDamagePercent"": -1}",008ef01d 4e3d95a4,,game list index,499:87537,20,499:4094,202000001ac
426,121,Sub,sub,Rescue the Adventurer Who Vanished into Thin Air,227,The Adventurer,PreppersShelter,227,The Adventurer,PreppersShelter,,,l200_aus,,,The Adventurer×1,"The Adventurer (Human, person)",BaggageDamage,5,25,49,"{""MaxBaggageDamagePercent"": -1}",3c5616a7 72e5731e,,game list index,499:87537,21,499:10115,202000001aa
470,122,Sub,sub,Deliver Ghost Mech Factory Cargo to the Aeronautical Engineer,228,Eastern Environmental Observatory,PreppersShelter,230,The Aeronautical Engineer,PreppersShelter,,,l200_aus,,,M×1,Ghost Mech Factory Cargo (M),BaggageDamage,5,25,49,"{""MaxBaggageDamagePercent"": -1}",548ffb10 69b3caac,,game list index,499:87537,22,499:9239,202000001d6
580,123,Sub,sub,[Breakable Cargo] Recover All the Chiral Sculptures from Their Inaccessible Locations,237,Mr. Impossible,PreppersShelter,237,Mr. Impossible,PreppersShelter,,,l200_aus,,,XL×3,Chiral Sculpture (XL); Chiral Sculpture (XL); Chiral Sculpture (XL),BaggageDamage,5,25,49,"{""MaxBaggageDamagePercent"": -1}",,,game list index,499:87537,23,499:8510,20200000244
620,124,Sub,sub,[Express/Hazardous] Recover All the Hazardous Chiral Sculptures from the Armed Hostiles,237,Mr. Impossible,PreppersShelter,237,Mr. Impossible,PreppersShelter,,,l200_aus,,,XL×7,Hazardous Chiral Sculpture (XL); Hazardous Chiral Sculpture (XL); Hazardous Chiral Sculpture (XL); Hazardous Chiral Sculpture (XL); Hazardous Chiral Sculpture (XL); Hazardous Chiral Sculpture (XL); Hazardous Chiral Sculpture (XL),ClearTime,2700,3000,3600,"{""MaxElapsedTimeSec"": -1}",5ae6bd79,,game list index,499:87537,24,499:8796,2020000026c
102050,200,Standard,collect,Recover Anti-Chiralium Drugs Lost During Delivery,102,Ciudad Nudo del Norte (C1),DeliveryBase,102,Ciudad Nudo del Norte (C1),DeliveryBase,,,l100_mex,Near Ciudad Nudo del Norte (C1),nearest place to marker (430 m),L×6,Anti-Chiralium Drugs (L); Anti-Chiralium Drugs (L); Anti-Chiralium Drugs (L); Anti-Chiralium Drugs (L); Anti-Chiralium Drugs (L); Anti-Chiralium Drugs (L),BaggageDamage,5,25,49,"{""MaxBaggageDamagePercent"": -1}",,,game list index,499:36769,0,499:8737,30400018ea2
102416,201,Standard,recover_from_enemies,Recover a Large Cache of Contraband Weapons Stolen by Bandits,102,Ciudad Nudo del Norte (C1),DeliveryBase,102,Ciudad Nudo del Norte (C1),DeliveryBase,,,l100_mex,Bandit Base at the Old Border,target name,M×4,Contraband Weapons (M); Contraband Weapons (M); Contraband Weapons (M); Contraband Weapons (M),BaggageCountRate,100,80,51,"{""MinBaggageCount"": -1}",,,game list index,499:36769,1,499:4718,31200019010
102221,202,Standard,elimination,[Elimination] Neutralize Bandits Armed with Stolen UCA Technology,102,Ciudad Nudo del Norte (C1),DeliveryBase,102,Ciudad Nudo del Norte (C1),DeliveryBase,,,l100_mex,Bandit Base Northwest of C1,target name,,,PlayerDamage,100,200,300,,,,game list index,499:36769,2,499:4144,31100018f4d
102430,203,Standard,recover_from_enemies,[Breakable Cargo] Recover Mini Water Purifiers Stolen During Delivery,102,Ciudad Nudo del Norte (C1),DeliveryBase,102,Ciudad Nudo del Norte (C1),DeliveryBase,,,l100_mex,Bandit Base Northwest of C1,target name,L×4,Mini Water Purifier (L); Mini Water Purifier (L); Mini Water Purifier (L); Mini Water Purifier (L),BaggageDamage,5,25,49,"{""MaxBaggageDamagePercent"": -1}",,,game list index,499:36769,3,499:10727,3120001901e
102429,204,Standard,recover_from_enemies,[Breakable Cargo] Recover Compact Medical Kits Lost in a BT Area,102,Ciudad Nudo del Norte (C1),DeliveryBase,102,Ciudad Nudo del Norte (C1),DeliveryBase,,,l100_mex,BT Area South of C1,target name,S×6,Compact Medical Kit (S); Compact Medical Kit (S); Compact Medical Kit (S); Compact Medical Kit (S); Compact Medical Kit (S); Compact Medical Kit (S),BaggageCountRate,100,80,51,"{""MinBaggageCount"": -1}",,,game list index,499:36769,4,499:5129,3120001901d
102011,205,Standard,delivery,Deliver Paraphernalia Used During Day of the Dead Festivities,102,Ciudad Nudo del Norte (C1),DeliveryBase,103,Villa Libre,PreppersShelter,,,l100_mex,,,M×3,Festival Paraphernalia (M); Festival Paraphernalia (M); Festival Paraphernalia (M),BaggageDamage,5,25,49,"{""MaxBaggageDamagePercent"": -1}",,,game list index,499:36769,5,499:7801,30300018e7b
102003,206,Standard,delivery,Deliver a Large Volume of High-Energy Emergency Rations,102,Ciudad Nudo del Norte (C1),DeliveryBase,105,Former Geophysics Research Lab,DeliveryBase,,,l100_mex,,,L×8,High-Energy Emergency Rations (L); High-Energy Emergency Rations (L); High-Energy Emergency Rations (L); High-Energy Emergency Rations (L); High-Energy Emergency Rations (L); High-Energy Emergency Rations (L); High-Energy Emergency Rations (L); High-Energy Emergency Rations (L),BaggageCountRate,100,80,51,"{""MinBaggageCount"": -1}",,,game list index,499:36769,6,499:4871,30300018e73
102005,207,Standard,delivery,[Breakable Cargo/Express] Deliver Precision Medical Equipment for Emergencies,102,Ciudad Nudo del Norte (C1),DeliveryBase,105,Former Geophysics Research Lab,DeliveryBase,,,l100_mex,,,L×18,Precision Medical Equipment (L); Precision Medical Equipment (L); Precision Medical Equipment (L); Precision Medical Equipment (L); Precision Medical Equipment (L); Precision Medical Equipment (L); Precision Medical Equipment (L); Precision Medical Equipment (L); Precision Medical Equipment (L); Precision Medical Equipment (L); Precision Medical Equipment (L); Precision Medical Equipment (L); Precision Medical Equipment (L); Precision Medical Equipment (L); Precision Medical Equipment (L); Precision Medical Equipment (L); Precision Medical Equipment (L); Precision Medical Equipment (L),ClearTime,480,600,1200,"{""MaxElapsedTimeSec"": -1}",,,game list index,499:36769,7,499:4399,30300018e75
102009,208,Standard,delivery,Deliver High-Protein Quesadillas Made with Artificial Eggs and Maize,102,Ciudad Nudo del Norte (C1),DeliveryBase,107,The Bokka,PreppersShelter,,,l100_mex,,,S×3,Quesadillas (S); Quesadillas (S); Quesadillas (S),BaggageCountRate,100,80,51,"{""MinBaggageCount"": -1}",,,game list index,499:36769,8,499:6381,30300018e79
102033,209,Standard,delivery,Deliver Ceramics,102,Ciudad Nudo del Norte (C1),DeliveryBase,107,The Bokka,PreppersShelter,,,l100_mex,,,XL×5,Ceramics (XL x320); Ceramics (XL x320); Ceramics (XL x320); Ceramics (XL x320); Ceramics (XL x320),BaggageCountRate,100,80,51,"{""MinBaggageCount"": -1}",,,game list index,499:36769,9,499:10191,30300018e91
102006,210,Standard,delivery,Deliver Edible Plants Which Imitate the Flavor of Fresh Vegetables,102,Ciudad Nudo del Norte (C1),DeliveryBase,108,The Artist,PreppersShelter,,,l100_mex,,,M×5,High-Grade Edible Plants (M); High-Grade Edible Plants (M); High-Grade Edible Plants (M); High-Grade Edible Plants (M); High-Grade Edible Plants (M),BaggageDamage,5,25,49,"{""MaxBaggageDamagePercent"": -1}",,,game list index,499:36769,10,499:5176,30300018e76
103011,211,Standard,delivery,[Breakable Cargo] Deliver Mask Supposedly Excavated from Ancient Ruins,103,Villa Libre,PreppersShelter,102,Ciudad Nudo del Norte (C1),DeliveryBase,,,l100_mex,,,L×1,Ancient Mask (L),BaggageDamage,5,25,49,"{""MaxBaggageDamagePercent"": -1}",,,game list index,499:36769,11,499:6817,30300019263
103423,212,Standard,recover_from_enemies,[Hazardous] Recover Stolen Alkali Metals,103,Villa Libre,PreppersShelter,102,Ciudad Nudo del Norte (C1),DeliveryBase,,,l100_mex,Bandit Base North of the C1 South Distribution Center,target name,L×3,Alkali Metals (L); Alkali Metals (L); Alkali Metals (L),BaggageDamage,5,25,49,"{""MaxBaggageDamagePercent"": -1}",,,game list index,499:36769,12,499:9692,312000193ff
103422,213,Standard,recover_from_enemies,Recover Vital Aid Packages Lost During Delivery,103,Villa Libre,PreppersShelter,103,Villa Libre,PreppersShelter,,,l100_mex,Chiral Creature Habitat (Near Villa Libre),target name + nearest place to marker (527 m),L×4,Aid Package (L); Aid Package (L); Aid Package (L); Aid Package (L),BaggageCountRate,100,80,51,"{""MinBaggageCount"": -1}",,,game list index,499:36769,13,499:6105,312000193fe
103317,214,Standard,destroy_cargo,[Hazardous] Dispose of Large Stockpile of Bandit Explosives,103,Villa Libre,PreppersShelter,103,Villa Libre,PreppersShelter,,,l100_mex,Bandit Base at the Old Border,target name,L×8,"Explosives (L, destroy); Explosives (L, destroy); Explosives (L, destroy); Explosives (L, destroy); Explosives (L, destroy); Explosives (L, destroy); Explosives (L, destroy); Explosives (L, destroy)",PlayerDamage,100,200,300,,,,game list index,499:36769,14,499:8020,31300019395
103120,215,Standard,elimination,[Elimination] Seize the Bandit Base at the Old Border,103,Villa Libre,PreppersShelter,103,Villa Libre,PreppersShelter,,,l100_mex,Bandit Base at the Old Border,target name,,,PlayerDamage,100,200,300,,,,game list index,499:36769,15,499:4700,311000192d0
103002,216,Standard,delivery,Deliver Tar-Like Substance Samples Containing Chiral Creature Parts,103,Villa Libre,PreppersShelter,104,C1 South Distribution Center,DeliveryBase,,,l100_mex,,,L×3,Tar-Like Substance Sample (L); Tar-Like Substance Sample (L); Tar-Like Substance Sample (L),BaggageCountRate,100,80,51,"{""MinBaggageCount"": -1}",,,game list index,499:36769,16,499:9399,3030001925a
103424,217,Standard,recover_from_enemies,[Breakable Cargo] Recover Emergency Medical Devices Stolen by Bandits,103,Villa Libre,PreppersShelter,104,C1 South Distribution Center,DeliveryBase,,,l100_mex,Bandit Base Northwest of C1,target name,M×4,Emergency Medical Device (M); Emergency Medical Device (M); Emergency Medical Device (M); Emergency Medical Device (M),BaggageDamage,5,25,49,"{""MaxBaggageDamagePercent"": -1}",,,game list index,499:36769,17,499:7747,31200019400
103004,218,Standard,delivery,[Express] Deliver Rare Freshwater Fish,103,Villa Libre,PreppersShelter,105,Former Geophysics Research Lab,DeliveryBase,,,l100_mex,,,M×2,Rare Freshwater Fish (M); Rare Freshwater Fish (M),ClearTime,240,360,900,"{""MaxElapsedTimeSec"": -1}",,,game list index,499:36769,18,499:7968,3030001925c
103013,219,Standard,delivery,"[Breakable Cargo] Deliver Rare Feathers from a Quetzal, Bird of Freedom",103,Villa Libre,PreppersShelter,105,Former Geophysics Research Lab,DeliveryBase,,,l100_mex,,,M×3,Rare Bird Feathers (M); Rare Bird Feathers (M); Rare Bird Feathers (M),BaggageDamage,5,25,49,"{""MaxBaggageDamagePercent"": -1}",,,game list index,499:36769,19,499:5342,30300019265
103007,220,Standard,delivery,Deliver Handmade Tortillas Made with All-Natural Maize,103,Villa Libre,PreppersShelter,107,The Bokka,PreppersShelter,,,l100_mex,,,M×6,Tortillas (M); Tortillas (M); Tortillas (M); Tortillas (M); Tortillas (M); Tortillas (M),BaggageCountRate,100,80,51,"{""MinBaggageCount"": -1}",,,game list index,499:36769,20,499:6451,3030001925f
103009,221,Standard,delivery,"Deliver a Cinema Classic - ""The Wandering Porter 2: Ragin' Cactus""",103,Villa Libre,PreppersShelter,108,The Artist,PreppersShelter,,,l100_mex,,,S×1,Classic Porter Movie (S),BaggageDamage,5,25,49,"{""MaxBaggageDamagePercent"": -1}",,,game list index,499:36769,21,499:8678,30300019261
103015,222,Standard,delivery,Deliver Precious Natural Copal Incense,103,Villa Libre,PreppersShelter,108,The Artist,PreppersShelter,,,l100_mex,,,M×2,Copal Incense (M); Copal Incense (M),BaggageDamage,5,25,49,"{""MaxBaggageDamagePercent"": -1}",,,game list index,499:36769,22,499:7530,30300019267
104008,223,Standard,delivery,"Deliver the Classic TV Series - ""The Wandering Porter and the Black Rat""",104,C1 South Distribution Center,DeliveryBase,102,Ciudad Nudo del Norte (C1),DeliveryBase,,,l100_mex,,,M×3,Classic Porter TV Series (M); Classic Porter TV Series (M); Classic Porter TV Series (M),BaggageDamage,5,25,49,"{""MaxBaggageDamagePercent"": -1}",,,game list index,499:36769,23,499:9699,30300019648
104009,224,Standard,delivery,"Deliver the Long-Lost Movie - ""The Wandering Porter: The Years of Innocence""",104,C1 South Distribution Center,DeliveryBase,102,Ciudad Nudo del Norte (C1),DeliveryBase,,,l100_mex,,,M×5,Long-Lost Porter Movie (M); Long-Lost Porter Movie (M); Long-Lost Porter Movie (M); Long-Lost Porter Movie (M); Long-Lost Porter Movie (M),BaggageDamage,5,25,49,"{""MaxBaggageDamagePercent"": -1}",,,game list index,499:36769,24,499:9020,30300019649
104061,225,Standard,collect,Recover Debris from an Unidentified Flying Object,104,C1 South Distribution Center,DeliveryBase,102,Ciudad Nudo del Norte (C1),DeliveryBase,,,l100_mex,Near C1 South Distribution Center,nearest place to marker (238 m),L×6,Curious Debris (L); Curious Debris (L); Curious Debris (L); Curious Debris (L); Curious Debris (L); Curious Debris (L),BaggageCountRate,100,80,51,"{""MinBaggageCount"": -1}",,,game list index,499:36769,25,499:10848,3040001967d
104007,226,Standard,delivery,[Express] Deliver Seafood Quesadillas Made with Stranded Fish,104,C1 South Distribution Center,DeliveryBase,103,Villa Libre,PreppersShelter,,,l100_mex,,,S×2,Quesadillas (S); Quesadillas (S),ClearTime,240,360,900,"{""MaxElapsedTimeSec"": -1}",,,game list index,499:36769,26,499:7007,30300019647
104215,227,Standard,elimination,Subdue Former C1 Staffer Turned Bandit,104,C1 South Distribution Center,DeliveryBase,104,C1 South Distribution Center,DeliveryBase,,,l100_mex,Bandit Base North of the C1 South Distribution Center,target name,,,PlayerDamage,100,200,300,,,,game list index,499:36769,27,499:4768,31100019717
104412,228,Standard,recover_from_enemies,Recover a Large Stockpile of Ammo Stolen by Bandits,104,C1 South Distribution Center,DeliveryBase,104,C1 South Distribution Center,DeliveryBase,,,l100_mex,Bandit Base Northwest of C1,target name,L×6,Ammunition (L); Ammunition (L); Ammunition (L); Ammunition (L); Ammunition (L); Ammunition (L),BaggageCountRate,100,80,51,"{""MinBaggageCount"": -1}",,,game list index,499:36769,28,499:5620,312000197dc
104001,229,Standard,delivery,[Breakable Cargo] Deliver Large Optical Lenses Used to Observe the Plate Gate,104,C1 South Distribution Center,DeliveryBase,105,Former Geophysics Research Lab,DeliveryBase,,,l100_mex,,,XL×4,Large Optical Lens (XL); Large Optical Lens (XL); Large Optical Lens (XL); Large Optical Lens (XL),BaggageDamage,5,25,49,"{""MaxBaggageDamagePercent"": -1}",,,game list index,499:36769,29,499:5980,30300019641
104003,230,Standard,delivery,Deliver Hard-Wearing Undergarments for Outdoor Use,104,C1 South Distribution Center,DeliveryBase,107,The Bokka,PreppersShelter,,,l100_mex,,,M×3,Hard-Wearing Undergarments (M); Hard-Wearing Undergarments (M); Hard-Wearing Undergarments (M),BaggageCountRate,100,80,51,"{""MinBaggageCount"": -1}",,,game list index,499:36769,30,499:7701,30300019643
104002,231,Standard,delivery,[Breakable Cargo] Deliver the Backup Generator Units,104,C1 South Distribution Center,DeliveryBase,108,The Artist,PreppersShelter,,,l100_mex,,,L×3,Backup Generator Unit (L); Backup Generator Unit (L); Backup Generator Unit (L),BaggageDamage,5,25,49,"{""MaxBaggageDamagePercent"": -1}",,,game list index,499:36769,31,499:6577,30300019642
104010,232,Standard,delivery,Deliver the Hummingbird Sculptures,104,C1 South Distribution Center,DeliveryBase,108,The Artist,PreppersShelter,,,l100_mex,,,L×4,Hummingbird Sculpture (L); Hummingbird Sculpture (L); Hummingbird Sculpture (L); Hummingbird Sculpture (L),BaggageCountRate,100,80,51,"{""MinBaggageCount"": -1}",,,game list index,499:36769,32,499:10975,3030001964a
105009,233,Standard,delivery,Deliver the Mummified Mythical Creatures,105,Former Geophysics Research Lab,DeliveryBase,102,Ciudad Nudo del Norte (C1),DeliveryBase,,,l100_mex,,,L×5,Mummified Chupacabra (L); Mummified Chupacabra (L); Mummified Chupacabra (L); Mummified Chupacabra (L); Mummified Chupacabra (L),BaggageDamage,5,25,49,"{""MaxBaggageDamagePercent"": -1}",,,game list index,499:36769,33,499:10016,30300019a31
105031,234,Standard,delivery,Deliver Metals,105,Former Geophysics Research Lab,DeliveryBase,102,Ciudad Nudo del Norte (C1),DeliveryBase,,,l100_mex,,,L×2,Metals (L x200); Metals (L x200),BaggageCountRate,100,80,51,"{""MinBaggageCount"": -1}",,,game list index,499:36769,34,499:5128,30300019a47
105007,235,Standard,delivery,[Express] Deliver Unidentified Samples of Stranded Fish,105,Former Geophysics Research Lab,DeliveryBase,103,Villa Libre,PreppersShelter,,,l100_mex,,,M×34,Unidentified Fish Sample (M); Unidentified Fish Sample (M); Unidentified Fish Sample (M); Unidentified Fish Sample (M); Unidentified Fish Sample (M); Unidentified Fish Sample (M); Unidentified Fish Sample (M); Unidentified Fish Sample (M); Unidentified Fish Sample (M); Unidentified Fish Sample (M); Unidentified Fish Sample (M); Unidentified Fish Sample (M); Unidentified Fish Sample (M); Unidentified Fish Sample (M); Unidentified Fish Sample (M); Unidentified Fish Sample (M); Unidentified Fish Sample (M); Unidentified Fish Sample (M); Unidentified Fish Sample (M); Unidentified Fish Sample (M); Unidentified Fish Sample (M); Unidentified Fish Sample (M); Unidentified Fish Sample (M); Unidentified Fish Sample (M); Unidentified Fish Sample (M); Unidentified Fish Sample (M); Unidentified Fish Sample (M); Unidentified Fish Sample (M); Unidentified Fish Sample (M); Unidentified Fish Sample (M); Unidentified Fish Sample (M); Unidentified Fish Sample (M); Unidentified Fish Sample (M); Unidentified Fish Sample (M),ClearTime,540,720,1320,"{""MaxElapsedTimeSec"": -1}",,,game list index,499:36769,35,499:6165,30300019a2f
105010,236,Standard,delivery,Deliver Chili Oil That Recreates a Long-Lost Chipotle Flavor,105,Former Geophysics Research Lab,DeliveryBase,103,Villa Libre,PreppersShelter,,,l100_mex,,,M×3,Synthesized Chili Oil (M); Synthesized Chili Oil (M); Synthesized Chili Oil (M),BaggageDamage,5,25,49,"{""MaxBaggageDamagePercent"": -1}",,,game list index,499:36769,36,499:7370,30300019a32
105011,237,Standard,delivery,Deliver Samples of Subterranean Water from Near the Plate Gate,105,Former Geophysics Research Lab,DeliveryBase,104,C1 South Distribution Center,DeliveryBase,,,l100_mex,,,XL×3,Subterranean Water Samples (XL); Subterranean Water Samples (XL); Subterranean Water Samples (XL),BaggageCountRate,100,80,51,"{""MinBaggageCount"": -1}",,,game list index,499:36769,37,499:6476,30300019a33
105062,238,Standard,collect,Recover Toys Collected by Deadman,105,Former Geophysics Research Lab,DeliveryBase,105,Former Geophysics Research Lab,DeliveryBase,,,l100_mex,Near Former Geophysics Research Lab,nearest place to marker (356 m),M×4,Deadman's Toys (M); Deadman's Toys (M); Deadman's Toys (M); Deadman's Toys (M),BaggageDamage,5,25,49,"{""MaxBaggageDamagePercent"": -1}",,,game list index,499:36769,38,499:7217,30400019a66
105416,239,Standard,recover_from_enemies,Recover a Large Quantity of Anesthetic Agents and Sedatives Stolen During Delivery,105,Former Geophysics Research Lab,DeliveryBase,105,Former Geophysics Research Lab,DeliveryBase,,,l100_mex,Bandit Base North of the C1 South Distribution Center,target name,S×12,Anesthetic Agent (S); Anesthetic Agent (S); Anesthetic Agent (S); Anesthetic Agent (S); Anesthetic Agent (S); Anesthetic Agent (S); Sedatives (S); Sedatives (S); Sedatives (S); Sedatives (S); Sedatives (S); Sedatives (S),BaggageDamage,5,25,49,"{""MaxBaggageDamagePercent"": -1}",,,game list index,499:36769,39,499:9458,31200019bc8
105001,240,Standard,delivery,Deliver Enhanced Edible Cacti,105,Former Geophysics Research Lab,DeliveryBase,107,The Bokka,PreppersShelter,,,l100_mex,,,L×5,Edible Cacti (L); Edible Cacti (L); Edible Cacti (L); Edible Cacti (L); Edible Cacti (L),BaggageDamage,5,25,49,"{""MaxBaggageDamagePercent"": -1}",,,game list index,499:36769,40,499:10379,30300019a29
107000,241,Standard,delivery,[Breakable Cargo] Deliver Beloved Worn-Out Trekking Boots,107,The Bokka,PreppersShelter,102,Ciudad Nudo del Norte (C1),DeliveryBase,,,l100_mex,,,S×1,Vintage Trekking Boots (S),BaggageDamage,5,25,49,"{""MaxBaggageDamagePercent"": -1}",,,game list index,499:36769,41,499:5157,3030001a1f8
107003,242,Standard,delivery,Deliver Rare Mineral Samples from the Mountains,107,The Bokka,PreppersShelter,102,Ciudad Nudo del Norte (C1),DeliveryBase,,,l100_mex,,,L×4,Mineral Sample (L); Mineral Sample (L); Mineral Sample (L); Mineral Sample (L),BaggageDamage,5,25,49,"{""MaxBaggageDamagePercent"": -1}",,,game list index,499:36769,42,499:4204,3030001a1fb
107006,243,Standard,delivery,Deliver Selectively Bred Fruiting Cacti for Fruit Production,107,The Bokka,PreppersShelter,103,Villa Libre,PreppersShelter,,,l100_mex,,,M×4,Fruiting Cacti (M); Fruiting Cacti (M); Fruiting Cacti (M); Fruiting Cacti (M),BaggageDamage,5,25,49,"{""MaxBaggageDamagePercent"": -1}",,,game list index,499:36769,43,499:6983,3030001a1fe
107001,244,Standard,delivery,Deliver Old US Army Survival Kits,107,The Bokka,PreppersShelter,104,C1 South Distribution Center,DeliveryBase,,,l100_mex,,,M×4,Survival Kit (M); Survival Kit (M); Survival Kit (M); Survival Kit (M),BaggageCountRate,100,80,51,"{""MinBaggageCount"": -1}",,,game list index,499:36769,44,499:4530,3030001a1f9
107052,245,Standard,collect,[Breakable Cargo] Recover Vintage Binoculars Sent for Repair,107,The Bokka,PreppersShelter,107,The Bokka,PreppersShelter,,,l100_mex,Near C1 South Distribution Center,nearest place to marker (564 m),S×1,Vintage Binoculars (S),BaggageDamage,5,25,49,"{""MaxBaggageDamagePercent"": -1}",,,game list index,499:36769,45,499:10099,3040001a22c
107004,246,Standard,delivery,Deliver Meteorite Fragments Found in Eastern Mexico,107,The Bokka,PreppersShelter,108,The Artist,PreppersShelter,,,l100_mex,,,L×3,Meteorite Fragment (L); Meteorite Fragment (L); Meteorite Fragment (L),BaggageCountRate,100,80,51,"{""MinBaggageCount"": -1}",,,game list index,499:36769,46,499:10331,3030001a1fc
108003,247,Standard,delivery,Deliver Illustration Books Depicting Hawaiian Beaches,108,The Artist,PreppersShelter,103,Villa Libre,PreppersShelter,,,l100_mex,,,M×4,Illustration Book of Hawaii (M); Illustration Book of Hawaii (M); Illustration Book of Hawaii (M); Illustration Book of Hawaii (M),BaggageDamage,5,25,49,"{""MaxBaggageDamagePercent"": -1}",,,game list index,499:36769,47,499:7840,3030001a5e3
108001,248,Standard,delivery,Deliver Special Roomwear Made Using Plant-Based Materials,108,The Artist,PreppersShelter,104,C1 South Distribution Center,DeliveryBase,,,l100_mex,,,M×4,Special Roomwear (M); Special Roomwear (M); Special Roomwear (M); Special Roomwear (M),BaggageDamage,5,25,49,"{""MaxBaggageDamagePercent"": -1}",,,game list index,499:36769,48,499:7595,3030001a5e1
108006,249,Standard,delivery,[Breakable Cargo] Deliver Dramatically Colored Beach Paintings Created Using Cryptobiote Dyes,108,The Artist,PreppersShelter,104,C1 South Distribution Center,DeliveryBase,,,l100_mex,,,M×5,Beach Painting (M); Beach Painting (M); Beach Painting (M); Beach Painting (M); Beach Painting (M),BaggageCountRate,100,80,51,"{""MinBaggageCount"": -1}",,,game list index,499:36769,49,499:7588,3030001a5e6
108005,250,Standard,delivery,"Deliver the Handmade Picture Book Series ""Cryptobiotes at the Seaside""",108,The Artist,PreppersShelter,105,Former Geophysics Research Lab,DeliveryBase,,,l100_mex,,,S×2,Handmade Picture Book (S); Handmade Picture Book (S),BaggageDamage,5,25,49,"{""MaxBaggageDamagePercent"": -1}",,,game list index,499:36769,50,499:6970,3030001a5e5
108004,251,Standard,delivery,Deliver Surrealist Paintings of the Beach and BTs,108,The Artist,PreppersShelter,105,Former Geophysics Research Lab,DeliveryBase,,,l100_mex,,,M×4,Surrealist Painting (M); Surrealist Painting (M); Surrealist Painting (M); Surrealist Painting (M),BaggageCountRate,100,80,51,"{""MinBaggageCount"": -1}",,,game list index,499:36769,51,499:4326,3030001a5e4
108052,252,Standard,collect,Recover Cactus-Themed Massage Boards,108,The Artist,PreppersShelter,108,The Artist,PreppersShelter,,,l100_mex,Near The Artist,nearest place to marker (244 m),M×4,Cactus-Themed Massage Board (M); Cactus-Themed Massage Board (M); Cactus-Themed Massage Board (M); Cactus-Themed Massage Board (M),BaggageDamage,5,25,49,"{""MaxBaggageDamagePercent"": -1}",,,game list index,499:36769,52,499:5480,3040001a614
202200,253,Standard,elimination,Defeat the Black-Clad Brigands Targeting the Lone Commander,202,The Government's Base,PreppersShelter,202,The Government's Base,PreppersShelter,,,l200_aus,Brigand Base North of the Government's Base,target name,,,PlayerDamage,100,200,300,,,,game list index,499:36769,53,499:8323,311000315d8
202401,254,Standard,recover_from_enemies,[Breakable Cargo] Recover Precious Camera Lost in a BT Area,202,The Government's Base,PreppersShelter,202,The Government's Base,PreppersShelter,,,l200_aus,BT Area North of the Plate Gate,target name,S×1,Precious Camera (S),BaggageDamage,5,25,49,"{""MaxBaggageDamagePercent"": -1}",,,game list index,499:36769,54,499:6371,312000316a1
202002,255,Standard,delivery,"Deliver a Series of ""Outback Sniper"" Adventure Novels",202,The Government's Base,PreppersShelter,204,The Lone Commander,PreppersShelter,,,l200_aus,,,M×6,Adventure Novels (M); Adventure Novels (M); Adventure Novels (M); Adventure Novels (M); Adventure Novels (M); Adventure Novels (M),BaggageDamage,5,25,49,"{""MaxBaggageDamagePercent"": -1}",,,game list index,499:36769,55,499:7590,30300031512
202031,256,Standard,delivery,Deliver Metals,202,The Government's Base,PreppersShelter,204,The Lone Commander,PreppersShelter,,,l200_aus,,,"L×2, M×2",Metals (L x200); Metals (M x100); Metals (M x100); Metals (L x200),BaggageCountRate,100,80,51,"{""MinBaggageCount"": -1}",,,game list index,499:36769,56,499:8942,3030003152f
202004,257,Standard,delivery,[Breakable Cargo] Deliver Paintings of Australia Before the Death Stranding,202,The Government's Base,PreppersShelter,203,Western Environmental Observatory,PreppersShelter,,,l200_aus,,,L×1,Australian Landscape Paintings (L),BaggageDamage,5,25,49,"{""MaxBaggageDamagePercent"": -1}",,,game list index,499:36769,57,499:7860,30300031514
202001,258,Standard,delivery,[Breakable Cargo] Deliver Compact Surveillance Cameras for Brigand Observation,202,The Government's Base,PreppersShelter,205,The Musician,PreppersShelter,,,l200_aus,,,S×3,Compact Surveillance Camera (S); Compact Surveillance Camera (S); Compact Surveillance Camera (S),BaggageDamage,5,25,49,"{""MaxBaggageDamagePercent"": -1}",,,game list index,499:36769,58,499:6488,30300031511
202003,259,Standard,delivery,Deliver Classified Documents of an Old British Intelligence Agency,202,The Government's Base,PreppersShelter,206,West Fort Knot (F1),DeliveryBase,,,l200_aus,,,S×1,Classified Documents (S),BaggageDamage,5,25,49,"{""MaxBaggageDamagePercent"": -1}",,,game list index,499:36769,59,499:10529,30300031513
202006,260,Standard,delivery,[Breakable Cargo] Deliver Models of 20th-Century Cars,202,The Government's Base,PreppersShelter,206,West Fort Knot (F1),DeliveryBase,,,l200_aus,,,S×2,Model Car (S); Model Car (S),BaggageDamage,5,25,49,"{""MaxBaggageDamagePercent"": -1}",,,game list index,499:36769,60,499:10748,30300031516
204004,261,Standard,delivery,[Breakable Cargo] Deliver Highly Prized Vintage Wine,204,The Lone Commander,PreppersShelter,202,The Government's Base,PreppersShelter,,,l200_aus,,,S×3,Vintage Wine (S); Vintage Wine (S); Vintage Wine (S),BaggageDamage,5,25,49,"{""MaxBaggageDamagePercent"": -1}",,,game list index,499:36769,61,499:9205,30300031ce4
204050,262,Standard,collect,Recover Survival Kit Lost During Preservation Activities,204,The Lone Commander,PreppersShelter,204,The Lone Commander,PreppersShelter,,,l200_aus,Near Smoke Hill Mine,nearest place to marker (346 m),M×1,Survival Kit (M),BaggageDamage,5,25,49,"{""MaxBaggageDamagePercent"": -1}",,,game list index,499:36769,62,499:6168,30400031d12
204400,263,Standard,recover_from_enemies,Recover Timefall-Resistant Tents Lost in a BT Area,204,The Lone Commander,PreppersShelter,204,The Lone Commander,PreppersShelter,,,l200_aus,BT Area West of the Lone Commander,target name,L×4,Timefall-Resistant Tent (L); Timefall-Resistant Tent (L); Timefall-Resistant Tent (L); Timefall-Resistant Tent (L),BaggageCountRate,100,80,51,"{""MinBaggageCount"": -1}",,,game list index,499:36769,63,499:10945,31200031e70
204410,264,Standard,recover_from_enemies,Recover Equipment Used by Commandos from the Old Australian Army,204,The Lone Commander,PreppersShelter,203,Western Environmental Observatory,PreppersShelter,,,l200_aus,Brigand Base North of the Government's Base,target name,M×2,Commando Equipment (M); Commando Equipment (M),BaggageDamage,5,25,49,"{""MaxBaggageDamagePercent"": -1}",,,game list index,499:36769,64,499:9341,31200031e7a
204011,265,Standard,delivery,Deliver Processed Tar Obsidian,204,The Lone Commander,PreppersShelter,205,The Musician,PreppersShelter,,,l200_aus,,,M×4,Processed Tar Obsidian (M); Processed Tar Obsidian (M); Processed Tar Obsidian (M); Processed Tar Obsidian (M),BaggageCountRate,100,80,51,"{""MinBaggageCount"": -1}",,,game list index,499:36769,65,499:8365,30300031ceb
204017,266,Standard,delivery,Deliver Rock Samples Believed to be Ancient Chiral Cinders,204,The Lone Commander,PreppersShelter,206,West Fort Knot (F1),DeliveryBase,,,l200_aus,,,XL×3,Rock Sample (XL); Rock Sample (XL); Rock Sample (XL),BaggageCountRate,100,80,51,"{""MinBaggageCount"": -1}",,,game list index,499:36769,66,499:4244,30300031cf1
204005,267,Standard,delivery,Deliver Stone Samples from a Volcano That Resumed Activity after the Death Stranding,204,The Lone Commander,PreppersShelter,228,Eastern Environmental Observatory,PreppersShelter,,,l200_aus,,,L×6,Stone Sample (L); Stone Sample (L); Stone Sample (L); Stone Sample (L); Stone Sample (L); Stone Sample (L),BaggageCountRate,100,80,51,"{""MinBaggageCount"": -1}",,,game list index,499:36769,67,499:9322,30300031ce5
204018,268,Standard,delivery,[Express/Breakable Cargo] Deliver Highly Prized Vintage Whisky,204,The Lone Commander,PreppersShelter,237,Mr. Impossible,PreppersShelter,,,l200_aus,,,S×15,Vintage Whisky (S); Vintage Whisky (S); Vintage Whisky (S); Vintage Whisky (S); Vintage Whisky (S); Vintage Whisky (S); Vintage Whisky (S); Vintage Whisky (S); Vintage Whisky (S); Vintage Whisky (S); Vintage Whisky (S); Vintage Whisky (S); Vintage Whisky (S); Vintage Whisky (S); Vintage Whisky (S),ClearTime,90,150,300,"{""MaxElapsedTimeSec"": -1}",,,game list index,499:36769,68,499:6446,30300031cf2
203001,269,Standard,delivery,[Breakable Cargo] Deliver an Encryption Device Used by the Brigands,203,Western Environmental Observatory,PreppersShelter,202,The Government's Base,PreppersShelter,,,l200_aus,,,L×1,Encryption Device (L),BaggageDamage,5,25,49,"{""MaxBaggageDamagePercent"": -1}",,,game list index,499:36769,69,499:9659,303000318f9
203010,270,Standard,delivery,Deliver High-Grade Chiral Decontamination Filters,203,Western Environmental Observatory,PreppersShelter,202,The Government's Base,PreppersShelter,,,l200_aus,,,M×6,Chiral Decontamination Filters (M); Chiral Decontamination Filters (M); Chiral Decontamination Filters (M); Chiral Decontamination Filters (M); Chiral Decontamination Filters (M); Chiral Decontamination Filters (M),BaggageDamage,5,25,49,"{""MaxBaggageDamagePercent"": -1}",,,game list index,499:36769,70,499:6564,30300031902
203007,271,Standard,delivery,Deliver Weapon Maintenance Tools,203,Western Environmental Observatory,PreppersShelter,204,The Lone Commander,PreppersShelter,,,l200_aus,,,M×2,Maintenance Tools (M); Maintenance Tools (M),BaggageDamage,5,25,49,"{""MaxBaggageDamagePercent"": -1}",,,game list index,499:36769,71,499:5559,303000318ff
203020,272,Standard,delivery,Deliver Tar Obsidian Made in Mexico,203,Western Environmental Observatory,PreppersShelter,204,The Lone Commander,PreppersShelter,,,l200_aus,,,M×4,Tar Obsidian (M); Tar Obsidian (M); Tar Obsidian (M); Tar Obsidian (M),BaggageDamage,5,25,49,"{""MaxBaggageDamagePercent"": -1}",,,game list index,499:36769,72,499:6542,3030003190c
203418,273,Standard,recover_from_enemies,[Hazardous] Recover Stolen Alkali Metals,203,Western Environmental Observatory,PreppersShelter,204,The Lone Commander,PreppersShelter,,,l200_aus,Brigand Base North of the Government's Base,target name,L×2,Alkali Metals (L); Alkali Metals (L),BaggageCountRate,100,80,51,"{""MinBaggageCount"": -1}",,,game list index,499:36769,73,499:5545,31200031a9a
203417,274,Standard,recover_from_enemies,Recover Toxic Chiralium Stockpiled by the Brigands,203,Western Environmental Observatory,PreppersShelter,203,Western Environmental Observatory,PreppersShelter,,,l200_aus,Brigand Base Southeast of F1,target name,L×4,Toxic Chiralium (L); Toxic Chiralium (L); Toxic Chiralium (L); Toxic Chiralium (L),BaggageCountRate,100,80,51,"{""MinBaggageCount"": -1}",,,game list index,499:36769,74,499:7348,31200031a99
203031,275,Standard,delivery,Deliver Metals,203,Western Environmental Observatory,PreppersShelter,205,The Musician,PreppersShelter,,,l200_aus,,,L×2,Metals (L x200); Metals (L x200),BaggageCountRate,100,80,51,"{""MinBaggageCount"": -1}",,,game list index,499:36769,75,499:6106,30300031917
203006,276,Standard,delivery,Deliver Samples of a Rare Dung Beetle Found in the Desert,203,Western Environmental Observatory,PreppersShelter,206,West Fort Knot (F1),DeliveryBase,,,l200_aus,,,M×1,Insect Samples (M),BaggageDamage,5,25,49,"{""MaxBaggageDamagePercent"": -1}",,,game list index,499:36769,76,499:7464,303000318fe
203422,277,Standard,recover_from_enemies,[Breakable Cargo] Recover a Cache of Stolen mRNA Vaccines,203,Western Environmental Observatory,PreppersShelter,206,West Fort Knot (F1),DeliveryBase,,,l200_aus,Brigand Base Southeast of F1,target name,S×3,mRNA Vaccine (S); mRNA Vaccine (S); mRNA Vaccine (S),BaggageCountRate,100,80,51,"{""MinBaggageCount"": -1}",,,game list index,499:36769,77,499:8524,31200031a9e
203008,278,Standard,delivery,Deliver Desert Sand for Research,203,Western Environmental Observatory,PreppersShelter,209,Rainbow Valley,PreppersShelter,,,l200_aus,,,L×6,Sand Samples (L); Sand Samples (L); Sand Samples (L); Sand Samples (L); Sand Samples (L); Sand Samples (L),BaggageCountRate,100,80,51,"{""MinBaggageCount"": -1}",,,game list index,499:36769,78,499:4759,30300031900
203032,279,Standard,delivery,Deliver Resins,203,Western Environmental Observatory,PreppersShelter,209,Rainbow Valley,PreppersShelter,,,l200_aus,,,M×3,Resins (M x80); Resins (M x80); Resins (M x80),BaggageCountRate,100,80,51,"{""MinBaggageCount"": -1}",,,game list index,499:36769,79,499:4301,30300031918
205015,280,Standard,delivery,Deliver Music Record Containing Original Works,205,The Musician,PreppersShelter,204,The Lone Commander,PreppersShelter,,,l200_aus,,,M×1,Music Record (M),BaggageDamage,5,25,49,"{""MaxBaggageDamagePercent"": -1}",,,game list index,499:36769,80,499:4148,303000320d7
205018,281,Standard,delivery,"Deliver Record Containing ""Weekend Zombies,"" SST's Greatest Hit",205,The Musician,PreppersShelter,203,Western Environmental Observatory,PreppersShelter,,,l200_aus,,,M×1,Classic Record (M),BaggageDamage,5,25,49,"{""MaxBaggageDamagePercent"": -1}",,,game list index,499:36769,81,499:5815,303000320da
205413,282,Standard,recover_from_enemies,Recover a Cache of High-Output Transformers,205,The Musician,PreppersShelter,203,Western Environmental Observatory,PreppersShelter,,,l200_aus,Brigand Base Southeast of F1,target name,L×3,High-Output Transformer (L); High-Output Transformer (L); High-Output Transformer (L),BaggageCountRate,100,80,51,"{""MinBaggageCount"": -1}",,,game list index,499:36769,82,499:9773,31200032265
205064,283,Standard,collect,Retrieve Sheet Music from Classic 20th-Century Film Lost During Delivery,205,The Musician,PreppersShelter,205,The Musician,PreppersShelter,,,l200_aus,Near The Musician,nearest place to marker (429 m),S×7,Sheet Music from a Movie (S); Sheet Music from a Movie (S); Sheet Music from a Movie (S); Sheet Music from a Movie (S); Sheet Music from a Movie (S); Sheet Music from a Movie (S); Sheet Music from a Movie (S),BaggageCountRate,100,80,51,"{""MinBaggageCount"": -1}",,,game list index,499:36769,83,499:9472,30400032108
205012,284,Standard,delivery,[Breakable Cargo] Deliver Lithophone Made from Tar Obsidian,205,The Musician,PreppersShelter,206,West Fort Knot (F1),DeliveryBase,,,l200_aus,,,M×1,Tar Lithophone (M),BaggageDamage,5,25,49,"{""MaxBaggageDamagePercent"": -1}",,,game list index,499:36769,84,499:5194,303000320d4
205017,285,Standard,delivery,"Deliver Legendary Album Containing Hit Song ""Death Stranding""",205,The Musician,PreppersShelter,206,West Fort Knot (F1),DeliveryBase,,,l200_aus,,,S×1,Legendary Album (S),BaggageDamage,5,25,49,"{""MaxBaggageDamagePercent"": -1}",,,game list index,499:36769,85,499:9246,303000320d9
205019,286,Standard,delivery,[Breakable Cargo] Deliver Repaired High-End Audio Devices,205,The Musician,PreppersShelter,206,West Fort Knot (F1),DeliveryBase,,,l200_aus,,,M×4,High-End Audio Device (M); High-End Audio Device (M); High-End Audio Device (M); High-End Audio Device (M),BaggageDamage,5,25,49,"{""MaxBaggageDamagePercent"": -1}",,,game list index,499:36769,86,499:9496,303000320db
205211,287,Standard,elimination,Eliminate Brigands Equipped with Experimental Armor,205,The Musician,PreppersShelter,206,West Fort Knot (F1),DeliveryBase,,,l200_aus,Brigand Base Southeast of F1,target name,,,PlayerDamage,100,200,300,,,,game list index,499:36769,87,499:8729,3110003219b
205020,288,Standard,delivery,[Breakable Cargo] Deliver Restored Pre-Stranding Violins,205,The Musician,PreppersShelter,209,Rainbow Valley,PreppersShelter,,,l200_aus,,,M×3,Restored Violin (M); Restored Violin (M); Restored Violin (M),BaggageDamage,5,25,49,"{""MaxBaggageDamagePercent"": -1}",,,game list index,499:36769,88,499:6953,303000320dc
206031,289,Standard,delivery,Deliver Ceramics,206,West Fort Knot (F1),DeliveryBase,202,The Government's Base,PreppersShelter,,,l200_aus,,,M×3,Ceramics (M x80); Ceramics (M x80); Ceramics (M x80),BaggageCountRate,100,80,51,"{""MinBaggageCount"": -1}",,,game list index,499:36769,89,499:6543,303000324cf
206005,290,Standard,delivery,Deliver Timefall-Resistant Raincoats,206,West Fort Knot (F1),DeliveryBase,204,The Lone Commander,PreppersShelter,,,l200_aus,,,M×4,Timefall-Resistant Raincoat (M); Timefall-Resistant Raincoat (M); Timefall-Resistant Raincoat (M); Timefall-Resistant Raincoat (M),BaggageDamage,5,25,49,"{""MaxBaggageDamagePercent"": -1}",,,game list index,499:36769,90,499:9098,303000324b5
206065,291,Standard,collect,Recover Mystery Cargo From Near the Plate Gate,206,West Fort Knot (F1),DeliveryBase,203,Western Environmental Observatory,PreppersShelter,,,l200_aus,Near Plate Gate,nearest place to marker (0 m),M×4,Mystery Cargo (M); Mystery Cargo (M); Mystery Cargo (M); Mystery Cargo (M),BaggageDamage,5,25,49,"{""MaxBaggageDamagePercent"": -1}",,,game list index,499:36769,91,499:7516,304000324f1
206002,292,Standard,delivery,Deliver Newly Developed Complete Food Samples,206,West Fort Knot (F1),DeliveryBase,205,The Musician,PreppersShelter,,,l200_aus,,,M×4,Complete Food Samples (M); Complete Food Samples (M); Complete Food Samples (M); Complete Food Samples (M),BaggageDamage,5,25,49,"{""MaxBaggageDamagePercent"": -1}",,,game list index,499:36769,92,499:10812,303000324b2
206310,293,Standard,destroy_cargo,Dispose of Tar Drugs Supplied by Brigands,206,West Fort Knot (F1),DeliveryBase,206,West Fort Knot (F1),DeliveryBase,,,l200_aus,Brigand Base Southeast of F1,target name,L×8,"Tar Drugs (L, destroy); Tar Drugs (L, destroy); Tar Drugs (L, destroy); Tar Drugs (L, destroy); Tar Drugs (L, destroy); Tar Drugs (L, destroy); Tar Drugs (L, destroy); Tar Drugs (L, destroy)",PlayerDamage,100,200,300,,,,game list index,499:36769,93,499:10336,313000325e6
206413,294,Standard,recover_from_enemies,Recover Unusual Animal Remains Lost During Delivery,206,West Fort Knot (F1),DeliveryBase,206,West Fort Knot (F1),DeliveryBase,,,l200_aus,Chiral Creature Habitat (Near Mine North of F1),target name + nearest place to marker (419 m),L×4,Animal Remains (L); Animal Remains (L); Animal Remains (L); Animal Remains (L),BaggageCountRate,100,80,51,"{""MinBaggageCount"": -1}",,,game list index,499:36769,94,499:7094,3120003264d
206064,295,Standard,collect,Recover Vehicle Paints Lost During Delivery,206,West Fort Knot (F1),DeliveryBase,210,Animal Shelter,PreppersShelter,,,l200_aus,Near The Inventor,nearest place to marker (249 m),XL×4,Vehicle Paints (XL); Vehicle Paints (XL); Vehicle Paints (XL); Vehicle Paints (XL),BaggageCountRate,100,80,51,"{""MinBaggageCount"": -1}",,,game list index,499:36769,95,499:4006,304000324f0
206032,296,Standard,delivery,Deliver Chemicals,206,West Fort Knot (F1),DeliveryBase,210,Animal Shelter,PreppersShelter,,,l200_aus,,,XL×6,Chemicals (XL x240); Chemicals (XL x240); Chemicals (XL x240); Chemicals (XL x240); Chemicals (XL x240); Chemicals (XL x240),BaggageCountRate,100,80,51,"{""MinBaggageCount"": -1}",,,game list index,499:36769,96,499:9238,303000324d0
206016,297,Standard,delivery,Deliver an Improved Timefall Monitoring Device,206,West Fort Knot (F1),DeliveryBase,215,F2 South Distribution Center,DeliveryBase,,,l200_aus,,,L×1,Timefall Monitoring Device (L),BaggageDamage,5,25,49,"{""MaxBaggageDamagePercent"": -1}",,,game list index,499:36769,97,499:7553,303000324c0
206001,298,Standard,delivery,Deliver Specially Ordered Construction Materials for Facility Repair,206,West Fort Knot (F1),DeliveryBase,215,F2 South Distribution Center,DeliveryBase,,,l200_aus,,,M×7,Facility Repair Materials (M); Facility Repair Materials (M); Facility Repair Materials (M); Facility Repair Materials (M); Facility Repair Materials (M); Facility Repair Materials (M); Facility Repair Materials (M),BaggageCountRate,100,80,51,"{""MinBaggageCount"": -1}",,,game list index,499:36769,98,499:7870,303000324b1
206008,299,Standard,delivery,Deliver Custom Vehicle Repair Parts,206,West Fort Knot (F1),DeliveryBase,207,The Inventor,PreppersShelter,,,l200_aus,,,L×2,Vehicle Repair Parts (L); Vehicle Repair Parts (L),BaggageDamage,5,25,49,"{""MaxBaggageDamagePercent"": -1}",,,game list index,499:36769,99,499:10084,303000324b8
206030,300,Standard,delivery,Deliver Metals and Special Alloys,206,West Fort Knot (F1),DeliveryBase,207,The Inventor,PreppersShelter,,,l200_aus,,,L×8,Metals (L x200); Metals (L x200); Metals (L x200); Metals (L x200); Special Alloys (L x240); Special Alloys (L x240); Special Alloys (L x240); Special Alloys (L x240),BaggageCountRate,100,80,51,"{""MinBaggageCount"": -1}",,,game list index,499:36769,100,499:8077,303000324ce
206004,301,Standard,delivery,Deliver Experimental Tranquilizers,206,West Fort Knot (F1),DeliveryBase,231,South Fort Knot (F6),DeliveryBase,,,l200_aus,,,S×4,Tranquilizers (S); Tranquilizers (S); Tranquilizers (S); Tranquilizers (S),BaggageDamage,5,25,49,"{""MaxBaggageDamagePercent"": -1}",,,game list index,499:36769,101,499:10855,303000324b4
209010,302,Standard,delivery,[Express] Deliver Assortment of Fresh Seafood,209,Rainbow Valley,PreppersShelter,202,The Government's Base,PreppersShelter,,,l200_aus,,,M×1,Fresh Seafood (M),ClearTime,180,300,600,"{""MaxElapsedTimeSec"": -1}",,,game list index,499:36769,102,499:9504,30300033072
209011,303,Standard,delivery,[Express] Deliver Assortment of Organic Vegetables Grown Using Timefall,209,Rainbow Valley,PreppersShelter,205,The Musician,PreppersShelter,,,l200_aus,,,L×4,Timefall-Grown Vegetables (L); Timefall-Grown Vegetables (L); Timefall-Grown Vegetables (L); Timefall-Grown Vegetables (L),ClearTime,120,180,360,"{""MaxElapsedTimeSec"": -1}",,,game list index,499:36769,103,499:7729,30300033073
209400,304,Standard,recover_from_enemies,Recover Top-Quality Sugarcane Seedlings From a BT Area,209,Rainbow Valley,PreppersShelter,209,Rainbow Valley,PreppersShelter,,,l200_aus,BT Area East of F1,target name,M×4,Sugarcane Seedlings (M); Sugarcane Seedlings (M); Sugarcane Seedlings (M); Sugarcane Seedlings (M),BaggageCountRate,100,80,51,"{""MinBaggageCount"": -1}",,,game list index,499:36769,104,499:8659,312000331f8
209057,305,Standard,collect,Recover Agricultural Pesticides Washed Away During Delivery,209,Rainbow Valley,PreppersShelter,210,Animal Shelter,PreppersShelter,,,l200_aus,Near Mine North of F1,nearest place to marker (447 m),XL×4,Potent Agricultural Pesticide (XL); Potent Agricultural Pesticide (XL); Potent Agricultural Pesticide (XL); Potent Agricultural Pesticide (XL),BaggageCountRate,100,80,51,"{""MinBaggageCount"": -1}",,,game list index,499:36769,105,499:4846,304000330a1
209004,306,Standard,delivery,Deliver Newly Developed Revitalizers for Dying Plants,209,Rainbow Valley,PreppersShelter,207,The Inventor,PreppersShelter,,,l200_aus,,,S×4,Revitalizers (S); Revitalizers (S); Revitalizers (S); Revitalizers (S),BaggageDamage,5,25,49,"{""MaxBaggageDamagePercent"": -1}",,,game list index,499:36769,106,499:8370,3030003306c
209001,307,Standard,delivery,Return Plant Growth Accelerator Prototypes,209,Rainbow Valley,PreppersShelter,207,The Inventor,PreppersShelter,,,l200_aus,,,L×3,Plant Growth Accelerator (L); Plant Growth Accelerator (L); Plant Growth Accelerator (L),BaggageDamage,5,25,49,"{""MaxBaggageDamagePercent"": -1}",,,game list index,499:36769,107,499:9413,30300033069
209002,308,Standard,delivery,Deliver Houseplants Suitable for Dry Climates,209,Rainbow Valley,PreppersShelter,214,The Architect,PreppersShelter,,,l200_aus,,,L×2,Houseplants (L); Houseplants (L),BaggageDamage,5,25,49,"{""MaxBaggageDamagePercent"": -1}",,,game list index,499:36769,108,499:10416,3030003306a
209003,309,Standard,delivery,Deliver Freshly Picked Organic Vegetables,209,Rainbow Valley,PreppersShelter,212,The Fisherman,PreppersShelter,,,l200_aus,,,L×3,Organic Vegetables (L); Organic Vegetables (L); Organic Vegetables (L),BaggageCountRate,100,80,51,"{""MinBaggageCount"": -1}",,,game list index,499:36769,109,499:10815,3030003306b
210008,310,Standard,delivery,Deliver Soil Samples from Bushfire Zone,210,Animal Shelter,PreppersShelter,206,West Fort Knot (F1),DeliveryBase,,,l200_aus,,,L×6,Soil Samples (L); Soil Samples (L); Soil Samples (L); Soil Samples (L); Soil Samples (L); Soil Samples (L),BaggageCountRate,100,80,51,"{""MinBaggageCount"": -1}",,,game list index,499:36769,110,499:7720,30300033458
210002,311,Standard,delivery,Deliver Prototype Fuel Made from Fermented Excrement,210,Animal Shelter,PreppersShelter,206,West Fort Knot (F1),DeliveryBase,,,l200_aus,,,XL×1,Biomass Fuel (XL),BaggageDamage,5,25,49,"{""MaxBaggageDamagePercent"": -1}",,,game list index,499:36769,111,499:6323,30300033452
210001,312,Standard,delivery,Deliver Homemade Organic Fertilizers,210,Animal Shelter,PreppersShelter,209,Rainbow Valley,PreppersShelter,,,l200_aus,,,L×2,Organic Fertilizers (L); Organic Fertilizers (L),BaggageDamage,5,25,49,"{""MaxBaggageDamagePercent"": -1}",,,game list index,499:36769,112,499:4051,30300033451
210013,313,Standard,delivery,Deliver Top-Grade Bird Feed,210,Animal Shelter,PreppersShelter,211,Rainy's Shelter,PreppersShelter,,,l200_aus,,,S×3,Top-Grade Bird Feed (S); Top-Grade Bird Feed (S); Top-Grade Bird Feed (S),BaggageDamage,5,25,49,"{""MaxBaggageDamagePercent"": -1}",,,game list index,499:36769,113,499:4231,3030003345d
210064,314,Standard,collect,[Do Not Submerge] Recover Chlorobiote Collection Boxes,210,Animal Shelter,PreppersShelter,210,Animal Shelter,PreppersShelter,,,l200_aus,Near Animal Shelter,nearest place to marker (540 m),L×4,Chlorobiote Collection Box (L); Chlorobiote Collection Box (L); Chlorobiote Collection Box (L); Chlorobiote Collection Box (L),BaggageCountRate,100,80,51,"{""MinBaggageCount"": -1}",,,game list index,499:36769,114,499:8126,30400033490
210415,315,Standard,recover_from_enemies,Recover Animal First Aid Kits Lost During Delivery,210,Animal Shelter,PreppersShelter,210,Animal Shelter,PreppersShelter,,,l200_aus,Chiral Creature Habitat (Near Animal Shelter),target name + nearest place to marker (206 m),M×4,First Aid Kits (M); First Aid Kits (M); First Aid Kits (M); First Aid Kits (M),BaggageCountRate,100,80,51,"{""MinBaggageCount"": -1}",,,game list index,499:36769,115,499:9900,312000335ef
210416,316,Standard,recover_from_enemies,Recover Blood Products Stolen During Delivery,210,Animal Shelter,PreppersShelter,210,Animal Shelter,PreppersShelter,,,l200_aus,Brigand Base West of the Northern Environmental Observatory,target name,M×3,Blood Product (M); Blood Product (M); Blood Product (M),BaggageCountRate,100,80,51,"{""MinBaggageCount"": -1}",,,game list index,499:36769,116,499:10119,312000335f0
210411,317,Standard,recover_from_enemies,[Breakable Cargo] Recover a Cache of Stolen mRNA Vaccines,210,Animal Shelter,PreppersShelter,215,F2 South Distribution Center,DeliveryBase,,,l200_aus,Brigand Base West of the Northern Environmental Observatory,target name,S×3,mRNA Vaccine (S); mRNA Vaccine (S); mRNA Vaccine (S),BaggageCountRate,100,80,51,"{""MinBaggageCount"": -1}",,,game list index,499:36769,117,499:8116,312000335eb
210007,318,Standard,delivery,Deliver Aged Excrement Extract,210,Animal Shelter,PreppersShelter,213,Northern Environmental Observatory,PreppersShelter,,,l200_aus,,,XL×2,Excrement Extract (XL); Excrement Extract (XL),BaggageDamage,5,25,49,"{""MaxBaggageDamagePercent"": -1}",,,game list index,499:36769,118,499:8836,30300033457
210003,319,Standard,delivery,Deliver Plant Samples from the Bush,210,Animal Shelter,PreppersShelter,214,The Architect,PreppersShelter,,,l200_aus,,,L×2,Plant Samples (L); Plant Samples (L),BaggageDamage,5,25,49,"{""MaxBaggageDamagePercent"": -1}",,,game list index,499:36769,119,499:10415,30300033453
210009,320,Standard,delivery,[Breakable Cargo/Express] Deliver Cell Sample from Animal Tumor Biopsy,210,Animal Shelter,PreppersShelter,225,The Metagenomicist,PreppersShelter,,,l200_aus,,,S×1,Cell Sample (S),ClearTime,180,300,600,"{""MaxElapsedTimeSec"": -1}",,,game list index,499:36769,120,499:10645,30300033459
213000,321,Standard,delivery,Deliver River Water Samples for Analysis,213,Northern Environmental Observatory,PreppersShelter,209,Rainbow Valley,PreppersShelter,,,l200_aus,,,XL×2,Water Samples (XL); Water Samples (XL),BaggageDamage,5,25,49,"{""MaxBaggageDamagePercent"": -1}",,,game list index,499:36769,121,499:10185,30300034008
213031,322,Standard,delivery,Deliver Resins,213,Northern Environmental Observatory,PreppersShelter,209,Rainbow Valley,PreppersShelter,,,l200_aus,,,L×4,Resins (L x160); Resins (L x160); Resins (L x160); Resins (L x160),BaggageCountRate,100,80,51,"{""MinBaggageCount"": -1}",,,game list index,499:36769,122,499:9200,30300034027
213003,323,Standard,delivery,Deliver Flower Assortments Collected Near a Large Waterfall,213,Northern Environmental Observatory,PreppersShelter,210,Animal Shelter,PreppersShelter,,,l200_aus,,,M×2,Assortment of Flowers (M); Assortment of Flowers (M),BaggageDamage,5,25,49,"{""MaxBaggageDamagePercent"": -1}",,,game list index,499:36769,123,499:8557,3030003400b
213411,324,Standard,recover_from_enemies,[Breakable Cargo] Recover Stolen High-Precision Gate Quake Resonance Wave Measuring Instruments,213,Northern Environmental Observatory,PreppersShelter,213,Northern Environmental Observatory,PreppersShelter,,,l200_aus,Brigand Base West of the Northern Environmental Observatory,target name,M×5,Delicate Measuring Instrument (M); Delicate Measuring Instrument (M); Delicate Measuring Instrument (M); Delicate Measuring Instrument (M); Delicate Measuring Instrument (M),BaggageDamage,5,25,49,"{""MaxBaggageDamagePercent"": -1}",,,game list index,499:36769,124,499:6313,312000341a3
213412,325,Standard,recover_from_enemies,Recover Large Amounts of Base Expansion Materials,213,Northern Environmental Observatory,PreppersShelter,213,Northern Environmental Observatory,PreppersShelter,,,l200_aus,Armed Survivalist Base East of the F2 South Distribution Center,target name,L×6,Base Expansion Materials (L); Base Expansion Materials (L); Base Expansion Materials (L); Base Expansion Materials (L); Base Expansion Materials (L); Base Expansion Materials (L),BaggageCountRate,100,80,51,"{""MinBaggageCount"": -1}",,,game list index,499:36769,125,499:8154,312000341a4
213007,326,Standard,delivery,"Deliver the Cult Classic Book Series - ""Environmental Observation Battle 2511""",213,Northern Environmental Observatory,PreppersShelter,207,The Inventor,PreppersShelter,,,l200_aus,,,M×1,Cult Classic Book Series (M),BaggageDamage,5,25,49,"{""MaxBaggageDamagePercent"": -1}",,,game list index,499:36769,126,499:5285,3030003400f
213033,327,Standard,delivery,Deliver Metals and Resins,213,Northern Environmental Observatory,PreppersShelter,207,The Inventor,PreppersShelter,,,l200_aus,,,L×6,Metals (L x200); Metals (L x200); Resins (L x160); Resins (L x160); Resins (L x160); Resins (L x160),BaggageCountRate,100,80,51,"{""MinBaggageCount"": -1}",,,game list index,499:36769,127,499:7095,30300034029
213006,328,Standard,delivery,Deliver Special Soil Mixed with Excrement Extract,213,Northern Environmental Observatory,PreppersShelter,216,The Dowser,PreppersShelter,,,l200_aus,,,L×3,Ancient Soil (L); Ancient Soil (L); Ancient Soil (L),BaggageDamage,5,25,49,"{""MaxBaggageDamagePercent"": -1}",,,game list index,499:36769,128,499:7716,3030003400e
213032,329,Standard,delivery,Deliver Metals,213,Northern Environmental Observatory,PreppersShelter,216,The Dowser,PreppersShelter,,,l200_aus,,,L×6,Metals (L x200); Metals (L x200); Metals (L x200); Metals (L x200); Metals (L x200); Metals (L x200),BaggageCountRate,100,80,51,"{""MinBaggageCount"": -1}",,,game list index,499:36769,129,499:10847,30300034028
213005,330,Standard,delivery,"Deliver the Pre-Death Stranding Report - ""At the Vanguard of Environmental Observation""",213,Northern Environmental Observatory,PreppersShelter,214,The Architect,PreppersShelter,,,l200_aus,,,S×2,Investigative Report (S); Investigative Report (S),BaggageDamage,5,25,49,"{""MaxBaggageDamagePercent"": -1}",,,game list index,499:36769,130,499:7369,3030003400d
213001,331,Standard,delivery,Deliver Atmospheric Samples Extracted from a BT Area,213,Northern Environmental Observatory,PreppersShelter,226,F5 East Distribution Center,DeliveryBase,,,l200_aus,,,L×3,Atmospheric Sample (L); Atmospheric Sample (L); Atmospheric Sample (L),BaggageDamage,5,25,49,"{""MaxBaggageDamagePercent"": -1}",,,game list index,499:36769,131,499:5681,30300034009
213002,332,Standard,delivery,[Breakable Cargo] Deliver Ancient Bone Fragments from an Extinct Creature Found in the Tar,213,Northern Environmental Observatory,PreppersShelter,212,The Fisherman,PreppersShelter,,,l200_aus,,,M×2,Ancient Bone Fragments (M); Ancient Bone Fragments (M),BaggageDamage,5,25,49,"{""MaxBaggageDamagePercent"": -1}",,,game list index,499:36769,132,499:6552,3030003400a
215032,333,Standard,delivery,Deliver Metals and Chemicals,215,F2 South Distribution Center,DeliveryBase,206,West Fort Knot (F1),DeliveryBase,,,l200_aus,,,"L×3, M×2",Metals (M x100); Metals (M x100); Chemicals (L x120); Chemicals (L x120); Chemicals (L x120),BaggageCountRate,100,80,51,"{""MinBaggageCount"": -1}",,,game list index,499:36769,133,499:9331,303000347f8
215013,334,Standard,delivery,Deliver Large Assortment of Bird Feed for Small Birds,215,F2 South Distribution Center,DeliveryBase,211,Rainy's Shelter,PreppersShelter,,,l200_aus,,,S×3,Bird Feed (S); Bird Feed (S); Bird Feed (S),BaggageDamage,5,25,49,"{""MaxBaggageDamagePercent"": -1}",,,game list index,499:36769,134,499:8499,303000347e5
215002,335,Standard,delivery,Deliver Nutrient-Rich Feed for Herbivores,215,F2 South Distribution Center,DeliveryBase,210,Animal Shelter,PreppersShelter,,,l200_aus,,,L×5,Nutrient-Rich Animal Feed (L); Nutrient-Rich Animal Feed (L); Nutrient-Rich Animal Feed (L); Nutrient-Rich Animal Feed (L); Nutrient-Rich Animal Feed (L),BaggageDamage,5,25,49,"{""MaxBaggageDamagePercent"": -1}",,,game list index,499:36769,135,499:4440,303000347da
215001,336,Standard,delivery,Deliver Large Quantity of High-Energy Emergency Rations,215,F2 South Distribution Center,DeliveryBase,213,Northern Environmental Observatory,PreppersShelter,,,l200_aus,,,L×5,High-Energy Emergency Rations (L); High-Energy Emergency Rations (L); High-Energy Emergency Rations (L); High-Energy Emergency Rations (L); High-Energy Emergency Rations (L),BaggageDamage,5,25,49,"{""MaxBaggageDamagePercent"": -1}",,,game list index,499:36769,136,499:7375,303000347d9
215409,337,Standard,recover_from_enemies,[Vog Warning] Recover Volatile Toxic Chemicals for Research Purposes,215,F2 South Distribution Center,DeliveryBase,213,Northern Environmental Observatory,PreppersShelter,,,l200_aus,Brigand Base West of the Northern Environmental Observatory,target name,XL×6,Toxic Chemicals (XL); Toxic Chemicals (XL); Toxic Chemicals (XL); Toxic Chemicals (XL); Toxic Chemicals (XL); Toxic Chemicals (XL),BaggageCountRate,100,80,51,"{""MinBaggageCount"": -1}",,,game list index,499:36769,137,499:6504,31200034971
215066,338,Standard,collect,Recover Aid Packages Lost During Delivery to Cities,215,F2 South Distribution Center,DeliveryBase,215,F2 South Distribution Center,DeliveryBase,,,l200_aus,Near Animal Shelter,nearest place to marker (683 m),L×4,Aid Package (L); Aid Package (L); Aid Package (L); Aid Package (L),BaggageCountRate,100,80,51,"{""MinBaggageCount"": -1}",,,game list index,499:36769,138,499:8838,3040003481a
215417,339,Standard,recover_from_enemies,Recover a Large Quantity of High-Energy Emergency Rations Stolen During Delivery,215,F2 South Distribution Center,DeliveryBase,215,F2 South Distribution Center,DeliveryBase,,,l200_aus,Brigand Base West of the Northern Environmental Observatory,target name,L×3,High-Energy Emergency Rations (L); High-Energy Emergency Rations (L); High-Energy Emergency Rations (L),BaggageCountRate,100,80,51,"{""MinBaggageCount"": -1}",,,game list index,499:36769,139,499:7969,31200034979
215212,340,Standard,elimination,Defeat the Former F2 Guard Conspiring with the Armed Survivalists,215,F2 South Distribution Center,DeliveryBase,215,F2 South Distribution Center,DeliveryBase,,,l200_aus,Armed Survivalist Base East of the F2 South Distribution Center,target name,,,PlayerDamage,100,200,300,,,,game list index,499:36769,140,499:6291,311000348ac
215411,341,Standard,recover_from_enemies,Recover Blood Products for Transfusion Lost in BT Area,215,F2 South Distribution Center,DeliveryBase,215,F2 South Distribution Center,DeliveryBase,,,l200_aus,BT Area Northwest of the Northern Environmental Observatory,target name,S×4,Blood Product (S); Blood Product (S); Blood Product (S); Blood Product (S),BaggageCountRate,100,80,51,"{""MinBaggageCount"": -1}",,,game list index,499:36769,141,499:6210,31200034973
215004,342,Standard,delivery,Deliver Timefall-Resistant Clothes,215,F2 South Distribution Center,DeliveryBase,216,The Dowser,PreppersShelter,,,l200_aus,,,M×1,Timefall-Resistant Clothes (M),BaggageDamage,5,25,49,"{""MaxBaggageDamagePercent"": -1}",,,game list index,499:36769,142,499:4559,303000347dc
215007,343,Standard,delivery,Deliver Hyperfood Made Using an Ancient Fruit,215,F2 South Distribution Center,DeliveryBase,217,Heartman's Lab,DeliveryBase,,,l200_aus,,,S×6,Hyper Ambrosia (S); Hyper Ambrosia (S); Hyper Ambrosia (S); Hyper Ambrosia (S); Hyper Ambrosia (S); Hyper Ambrosia (S),BaggageCountRate,100,80,51,"{""MinBaggageCount"": -1}",,,game list index,499:36769,143,499:8134,303000347df
215031,344,Standard,delivery,Deliver Ceramics,215,F2 South Distribution Center,DeliveryBase,214,The Architect,PreppersShelter,,,l200_aus,,,XL×4,Ceramics (XL x320); Ceramics (XL x320); Ceramics (XL x320); Ceramics (XL x320),BaggageCountRate,100,80,51,"{""MinBaggageCount"": -1}",,,game list index,499:36769,144,499:10750,303000347f7
215000,345,Standard,delivery,Deliver a Set of Performance-Enhancing Nutritional Drinks,215,F2 South Distribution Center,DeliveryBase,220,The Data Scientist,PreppersShelter,,,l200_aus,,,XL×1,Nutritional Drinks (XL),BaggageDamage,5,25,49,"{""MaxBaggageDamagePercent"": -1}",,,game list index,499:36769,145,499:4873,303000347d8
215015,346,Standard,delivery,[Express] Deliver a Large Quantity of Assorted Fresh Seafood,215,F2 South Distribution Center,DeliveryBase,235,Terminal Fort Knot (F8),DeliveryBase,,,l200_aus,,,M×40,Fresh Seafood (M); Fresh Seafood (M); Fresh Seafood (M); Fresh Seafood (M); Fresh Seafood (M); Fresh Seafood (M); Fresh Seafood (M); Fresh Seafood (M); Fresh Seafood (M); Fresh Seafood (M); Fresh Seafood (M); Fresh Seafood (M); Fresh Seafood (M); Fresh Seafood (M); Fresh Seafood (M); Fresh Seafood (M); Fresh Seafood (M); Fresh Seafood (M); Fresh Seafood (M); Fresh Seafood (M); Fresh Seafood (M); Fresh Seafood (M); Fresh Seafood (M); Fresh Seafood (M); Fresh Seafood (M); Fresh Seafood (M); Fresh Seafood (M); Fresh Seafood (M); Fresh Seafood (M); Fresh Seafood (M); Fresh Seafood (M); Fresh Seafood (M); Fresh Seafood (M); Fresh Seafood (M); Fresh Seafood (M); Fresh Seafood (M); Fresh Seafood (M); Fresh Seafood (M); Fresh Seafood (M); Fresh Seafood (M),ClearTime,840,1080,1800,"{""MaxElapsedTimeSec"": -1}",,,game list index,499:36769,146,499:5768,303000347e7
207023,347,Standard,delivery,Deliver Prototype Training Suits,207,The Inventor,PreppersShelter,203,Western Environmental Observatory,PreppersShelter,,,l200_aus,,,M×4,Training Suit (M); Training Suit (M); Training Suit (M); Training Suit (M),BaggageDamage,5,25,49,"{""MaxBaggageDamagePercent"": -1}",,,game list index,499:36769,147,499:4441,303000328af
207003,348,Standard,delivery,Deliver Special Tools for Monorail Maintenance,207,The Inventor,PreppersShelter,206,West Fort Knot (F1),DeliveryBase,,,l200_aus,,,M×1,Special Tools (M),BaggageDamage,5,25,49,"{""MaxBaggageDamagePercent"": -1}",,,game list index,499:36769,148,499:7665,3030003289b
207017,349,Standard,delivery,[Breakable Cargo] Deliver Samples of a Supple Metal Developed as a Result of Flexible Thinking,207,The Inventor,PreppersShelter,206,West Fort Knot (F1),DeliveryBase,,,l200_aus,,,XL×4,Metal Samples (XL); Metal Samples (XL); Metal Samples (XL); Metal Samples (XL),BaggageDamage,5,25,49,"{""MaxBaggageDamagePercent"": -1}",,,game list index,499:36769,149,499:9906,303000328a9
207020,350,Standard,delivery,[Chilled] Deliver an All-New Liquid Superfood That Babies Find Perplexing,207,The Inventor,PreppersShelter,209,Rainbow Valley,PreppersShelter,,,l200_aus,,,M×2,Liquid Superfood (M); Liquid Superfood (M),BaggageDamage,5,25,49,"{""MaxBaggageDamagePercent"": -1}",,,game list index,499:36769,150,499:8197,303000328ac
207022,351,Standard,delivery,Deliver Robot Kangaroos Fitted with an Automatic Feeding Function,207,The Inventor,PreppersShelter,211,Rainy's Shelter,PreppersShelter,,,l200_aus,,,L×3,Robot Kangaroo (L); Robot Kangaroo (L); Robot Kangaroo (L),BaggageDamage,5,25,49,"{""MaxBaggageDamagePercent"": -1}",,,game list index,499:36769,151,499:5581,303000328ae
207053,352,Standard,collect,Recover an Ultra-Lightweight Fishing Net Made Using Carbon Nanotubes,207,The Inventor,PreppersShelter,215,F2 South Distribution Center,DeliveryBase,,,l200_aus,Near Mine North of F1,nearest place to marker (100 m),L×4,Ultra-Lightweight Net (L); Ultra-Lightweight Net (L); Ultra-Lightweight Net (L); Ultra-Lightweight Net (L),BaggageCountRate,100,80,51,"{""MinBaggageCount"": -1}",,,game list index,499:36769,152,499:8173,304000328cd
207124,353,Standard,elimination,[Elimination] Seize Brigand Base West of the Northern Environmental Observatory,207,The Inventor,PreppersShelter,215,F2 South Distribution Center,DeliveryBase,,,l200_aus,Brigand Base West of the Northern Environmental Observatory,target name,,,PlayerDamage,100,200,300,,,,game list index,499:36769,153,499:7794,31100032914
207061,354,Standard,collect,[Hazardous] Recover Emergency Fuel Cell Batteries Lost During Delivery,207,The Inventor,PreppersShelter,207,The Inventor,PreppersShelter,,,l200_aus,Near Mine North of F1,nearest place to marker (401 m),L×4,Fuel Cell (L); Fuel Cell (L); Fuel Cell (L); Fuel Cell (L),BaggageDamage,5,25,49,"{""MaxBaggageDamagePercent"": -1}",,,game list index,499:36769,154,499:5621,304000328d5
207013,355,Standard,delivery,Deliver a Tremendously Uninspired Invention Used to Take Photos of Oneself,207,The Inventor,PreppersShelter,216,The Dowser,PreppersShelter,,,l200_aus,,,M×1,Selfie Stick (M),BaggageDamage,5,25,49,"{""MaxBaggageDamagePercent"": -1}",,,game list index,499:36769,155,499:6791,303000328a5
207002,356,Standard,delivery,[Breakable Cargo] Deliver a Repaired Chiral Densitometer,207,The Inventor,PreppersShelter,221,The Mechanic,PreppersShelter,,,l200_aus,,,L×1,Chiral Densitometer (L),BaggageDamage,5,25,49,"{""MaxBaggageDamagePercent"": -1}",,,game list index,499:36769,156,499:11022,3030003289a
216002,357,Standard,delivery,Deliver Rock Samples from a Coastal Region,216,The Dowser,PreppersShelter,213,Northern Environmental Observatory,PreppersShelter,,,l200_aus,,,L×4,Rock Sample (L); Rock Sample (L); Rock Sample (L); Rock Sample (L),BaggageCountRate,100,80,51,"{""MinBaggageCount"": -1}",,,game list index,499:36769,157,499:6553,30300034bc2
216011,358,Standard,delivery,Deliver Valuable Antiques Dug Up near the Ruins of F3,216,The Dowser,PreppersShelter,213,Northern Environmental Observatory,PreppersShelter,,,l200_aus,,,L×1,Valuable Antiques (L),BaggageDamage,5,25,49,"{""MaxBaggageDamagePercent"": -1}",,,game list index,499:36769,158,499:6558,30300034bcb
216007,359,Standard,delivery,Deliver Regrown Ancient Plants,216,The Dowser,PreppersShelter,215,F2 South Distribution Center,DeliveryBase,,,l200_aus,,,S×4,Ancient Plant (S); Ancient Plant (S); Ancient Plant (S); Ancient Plant (S),BaggageDamage,5,25,49,"{""MaxBaggageDamagePercent"": -1}",,,game list index,499:36769,159,499:5976,30300034bc7
216118,360,Standard,elimination,[Elimination] Defeat all Floating BTs in the BT Area,216,The Dowser,PreppersShelter,215,F2 South Distribution Center,DeliveryBase,,,l200_aus,BT Area (Near F2 South Distribution Center),target name + nearest place to marker (736 m),,,PlayerDamage,0,100,200,,,,game list index,499:36769,160,499:10895,31100034c36
216059,361,Standard,collect,Recover High-Precision Metal Dowsing Instruments Lost During Delivery,216,The Dowser,PreppersShelter,216,The Dowser,PreppersShelter,,,l200_aus,Near Twin Valley Mine,nearest place to marker (593 m),L×4,Metal Dowsing Instrument (L); Metal Dowsing Instrument (L); Metal Dowsing Instrument (L); Metal Dowsing Instrument (L),BaggageDamage,5,25,49,"{""MaxBaggageDamagePercent"": -1}",,,game list index,499:36769,161,499:7306,30400034bfb
216013,362,Standard,delivery,Deliver a Large Volume of Excavated Machine Components from the Late 20th Century,216,The Dowser,PreppersShelter,207,The Inventor,PreppersShelter,,,l200_aus,,,XL×4,Machine Components (XL); Machine Components (XL); Machine Components (XL); Machine Components (XL),BaggageCountRate,100,80,51,"{""MinBaggageCount"": -1}",,,game list index,499:36769,162,499:7200,30300034bcd
216015,363,Standard,delivery,[Hazardous] Deliver a Large Volume of Excavated EV Batteries from the Early 21st Century,216,The Dowser,PreppersShelter,221,The Mechanic,PreppersShelter,,,l200_aus,,,L×6,EV Batteries (L); EV Batteries (L); EV Batteries (L); EV Batteries (L); EV Batteries (L); EV Batteries (L),BaggageCountRate,100,80,51,"{""MinBaggageCount"": -1}",,,game list index,499:36769,163,499:4774,30300034bcf
217002,364,Standard,delivery,Deliver Aging Barrels Made from Ancient Wood,217,Heartman's Lab,DeliveryBase,210,Animal Shelter,PreppersShelter,,,l200_aus,,,L×2,Aging Barrel (L); Aging Barrel (L),BaggageDamage,5,25,49,"{""MaxBaggageDamagePercent"": -1}",,,game list index,499:36769,164,499:6814,30300034faa
217000,365,Standard,delivery,Deliver Water From Heartman's Hot Spring,217,Heartman's Lab,DeliveryBase,215,F2 South Distribution Center,DeliveryBase,,,l200_aus,,,XL×2,Hot Spring Water (XL); Hot Spring Water (XL),BaggageDamage,5,25,49,"{""MaxBaggageDamagePercent"": -1}",,,game list index,499:36769,165,499:9637,30300034fa8
217217,366,Standard,elimination,Neutralize A Veteran Survivor from the Old City Guard,217,Heartman's Lab,DeliveryBase,215,F2 South Distribution Center,DeliveryBase,,,l200_aus,Armed Survivalist Base South of Heartman's Lab,target name,,,PlayerDamage,100,200,300,,,,game list index,499:36769,166,499:7246,31100035081
217014,367,Standard,delivery,Deliver Seawater Samples Taken Near the Crater,217,Heartman's Lab,DeliveryBase,216,The Dowser,PreppersShelter,,,l200_aus,,,XL×4,Seawater Samples (XL); Seawater Samples (XL); Seawater Samples (XL); Seawater Samples (XL),BaggageCountRate,100,80,51,"{""MinBaggageCount"": -1}",,,game list index,499:36769,167,499:5423,30300034fb6
217066,368,Standard,collect,[Breakable Cargo] Recover Ornaments Believed to Have Been Owned by British Royalty,217,Heartman's Lab,DeliveryBase,217,Heartman's Lab,DeliveryBase,,,l200_aus,Near Heartman's Lab,nearest place to marker (254 m),M×4,Precious Ornament (M); Precious Ornament (M); Precious Ornament (M); Precious Ornament (M),BaggageDamage,5,25,49,"{""MaxBaggageDamagePercent"": -1}",,,game list index,499:36769,168,499:10384,30400034fea
217424,369,Standard,recover_from_enemies,"[Breakable Cargo] Recover Prototypes of Cutting-Edge ""Minimal Fab"" Technology",217,Heartman's Lab,DeliveryBase,217,Heartman's Lab,DeliveryBase,,,l200_aus,Armed Survivalist Base East of the F2 South Distribution Center,target name,L×4,Minimal Fab (L); Minimal Fab (L); Minimal Fab (L); Minimal Fab (L),BaggageDamage,5,25,49,"{""MaxBaggageDamagePercent"": -1}",,,game list index,499:36769,169,499:9541,31200035150
217408,370,Standard,recover_from_enemies,[Breakable Cargo] Recover Stolen RNA Virus Samples,217,Heartman's Lab,DeliveryBase,217,Heartman's Lab,DeliveryBase,,,l200_aus,Armed Survivalist Base East of the F2 South Distribution Center,target name,S×4,Virus Sample (S); Virus Sample (S); Virus Sample (S); Virus Sample (S),BaggageCountRate,100,80,51,"{""MinBaggageCount"": -1}",,,game list index,499:36769,170,499:4349,31200035140
217022,371,Standard,delivery,"[Express] Deliver Octopi, a Delicacy Believed to Have Been Extinct",217,Heartman's Lab,DeliveryBase,218,The Pizza Chef,PreppersShelter,,,l200_aus,,,L×2,Octopus (L); Octopus (L),ClearTime,180,300,600,"{""MaxElapsedTimeSec"": -1}",,,game list index,499:36769,171,499:8268,30300034fbe
217018,372,Standard,delivery,[Express] Deliver Ancient Pizza Ingredients,217,Heartman's Lab,DeliveryBase,218,The Pizza Chef,PreppersShelter,,,l200_aus,,,L×4,Ancient Pizza Ingredients (L); Ancient Pizza Ingredients (L); Ancient Pizza Ingredients (L); Ancient Pizza Ingredients (L),ClearTime,210,300,600,"{""MaxElapsedTimeSec"": -1}",,,game list index,499:36769,172,499:4936,30300034fba
217013,373,Standard,delivery,Deliver Assortments of Homemade Pickles Preserved in Beach Water,217,Heartman's Lab,DeliveryBase,214,The Architect,PreppersShelter,,,l200_aus,,,S×6,Homemade Pickles (S); Homemade Pickles (S); Homemade Pickles (S); Homemade Pickles (S); Homemade Pickles (S); Homemade Pickles (S),BaggageDamage,5,25,49,"{""MaxBaggageDamagePercent"": -1}",,,game list index,499:36769,173,499:4486,30300034fb5
217006,374,Standard,delivery,[Breakable Cargo] Deliver Precious Paintings of Scenes From the Beach,217,Heartman's Lab,DeliveryBase,220,The Data Scientist,PreppersShelter,,,l200_aus,,,M×2,Beach Painting (M); Beach Painting (M),BaggageDamage,5,25,49,"{""MaxBaggageDamagePercent"": -1}",,,game list index,499:36769,174,499:10370,30300034fae
217031,375,Standard,delivery,Deliver Chemicals,217,Heartman's Lab,DeliveryBase,219,The Motherhood,PreppersShelter,,,l200_aus,,,XL×3,Chemicals (XL x240); Chemicals (XL x240); Chemicals (XL x240),BaggageCountRate,100,80,51,"{""MinBaggageCount"": -1}",,,game list index,499:36769,175,499:8853,30300034fc7
217009,376,Standard,delivery,[Breakable Cargo] Deliver Classic Record Sets by one of the Greatest 20th Century Jazz Pianists,217,Heartman's Lab,DeliveryBase,221,The Mechanic,PreppersShelter,,,l200_aus,,,L×6,Classic Record (L); Classic Record (L); Classic Record (L); Classic Record (L); Classic Record (L); Classic Record (L),BaggageDamage,5,25,49,"{""MaxBaggageDamagePercent"": -1}",,,game list index,499:36769,176,499:8918,30300034fb1
217021,377,Standard,delivery,[Breakable Cargo] Deliver Broken Precision Medical Equipment,217,Heartman's Lab,DeliveryBase,221,The Mechanic,PreppersShelter,,,l200_aus,,,L×6,Precision Medical Equipment (L); Precision Medical Equipment (L); Precision Medical Equipment (L); Precision Medical Equipment (L); Precision Medical Equipment (L); Precision Medical Equipment (L),BaggageDamage,5,25,49,"{""MaxBaggageDamagePercent"": -1}",,,game list index,499:36769,177,499:5612,30300034fbd
217020,378,Standard,delivery,Deliver Surrealist Painting Created During an Out-of-Body Experience,217,Heartman's Lab,DeliveryBase,224,The Ghost Hunter,PreppersShelter,,,l200_aus,,,M×1,Surrealist Painting (M),BaggageDamage,5,25,49,"{""MaxBaggageDamagePercent"": -1}",,,game list index,499:36769,178,499:7995,30300034fbc
217023,379,Standard,delivery,Deliver Timefall-Resistant Suits,217,Heartman's Lab,DeliveryBase,225,The Metagenomicist,PreppersShelter,,,l200_aus,,,M×2,Timefall-Resistant Suit (M); Timefall-Resistant Suit (M),BaggageDamage,5,25,49,"{""MaxBaggageDamagePercent"": -1}",,,game list index,499:36769,179,499:10439,30300034fbf
217003,380,Standard,delivery,[Express] Deliver Fresh Beach Water Within the Time Limit,217,Heartman's Lab,DeliveryBase,237,Mr. Impossible,PreppersShelter,,,l200_aus,,,XL×4,Beach Water (XL); Beach Water (XL); Beach Water (XL); Beach Water (XL),ClearTime,360,540,1080,"{""MaxElapsedTimeSec"": -1}",,,game list index,499:36769,180,499:3951,30300034fab
218021,381,Standard,delivery,[Keep Flat/Express] Deliver Special Rainbow Fruit Pizzas,218,The Pizza Chef,PreppersShelter,211,Rainy's Shelter,PreppersShelter,,,l200_aus,,,M×2,Rainbow Fruit Pizza (M); Rainbow Fruit Pizza (M),ClearTime,270,420,960,"{""MaxElapsedTimeSec"": -1}",,,game list index,499:36769,181,499:9124,303000353a5
218001,382,Standard,delivery,[Express/Breakable Cargo] Deliver Carbonated Beverages Made Using Beach Yeast,218,The Pizza Chef,PreppersShelter,213,Northern Environmental Observatory,PreppersShelter,,,l200_aus,,,M×8,Special Carbonated Beverages (M); Special Carbonated Beverages (M); Special Carbonated Beverages (M); Special Carbonated Beverages (M); Special Carbonated Beverages (M); Special Carbonated Beverages (M); Special Carbonated Beverages (M); Special Carbonated Beverages (M),ClearTime,180,300,600,"{""MaxElapsedTimeSec"": -1}",,,game list index,499:36769,182,499:7351,30300035391
218015,383,Standard,delivery,[Express] Deliver Bread Baked Using Yeast from the Beach,218,The Pizza Chef,PreppersShelter,217,Heartman's Lab,DeliveryBase,,,l200_aus,,,L×6,Beach Bread (L); Beach Bread (L); Beach Bread (L); Beach Bread (L); Beach Bread (L); Beach Bread (L),ClearTime,90,150,300,"{""MaxElapsedTimeSec"": -1}",,,game list index,499:36769,183,499:5353,3030003539f
218010,384,Standard,delivery,[Keep Flat/Express] Deliver Beach-Style Pizzas Topped with Anchovies from a BT Area,218,The Pizza Chef,PreppersShelter,215,F2 South Distribution Center,DeliveryBase,,,l200_aus,,,L×20,Beach-Style Pizza (L); Beach-Style Pizza (L); Beach-Style Pizza (L); Beach-Style Pizza (L); Beach-Style Pizza (L); Beach-Style Pizza (L); Beach-Style Pizza (L); Beach-Style Pizza (L); Beach-Style Pizza (L); Beach-Style Pizza (L); Beach-Style Pizza (L); Beach-Style Pizza (L); Beach-Style Pizza (L); Beach-Style Pizza (L); Beach-Style Pizza (L); Beach-Style Pizza (L); Beach-Style Pizza (L); Beach-Style Pizza (L); Beach-Style Pizza (L); Beach-Style Pizza (L),ClearTime,270,420,960,"{""MaxElapsedTimeSec"": -1}",,,game list index,499:36769,184,499:11049,3030003539a
218067,385,Standard,collect,Recover a Carefully Curated Selection of Sci-Fi Anime Films,218,The Pizza Chef,PreppersShelter,218,The Pizza Chef,PreppersShelter,,,l200_aus,Near Mine North of Tar Lake,nearest place to marker (91 m),M×4,Sci-Fi Anime Movie Collection (M); Sci-Fi Anime Movie Collection (M); Sci-Fi Anime Movie Collection (M); Sci-Fi Anime Movie Collection (M),BaggageDamage,5,25,49,"{""MaxBaggageDamagePercent"": -1}",,,game list index,499:36769,185,499:10809,304000353d3
218030,386,Standard,delivery,Deliver Ceramics and Special Alloys,218,The Pizza Chef,PreppersShelter,214,The Architect,PreppersShelter,,,l200_aus,,,XL×8,Ceramics (XL x320); Ceramics (XL x320); Ceramics (XL x320); Ceramics (XL x320); Special Alloys (XL x480); Special Alloys (XL x480); Special Alloys (XL x480); Special Alloys (XL x480),BaggageCountRate,100,80,51,"{""MinBaggageCount"": -1}",,,game list index,499:36769,186,499:10281,303000353ae
218002,387,Standard,delivery,[Keep Flat/Express] Deliver a Pizza Topped with Chlorobiotes and Vegetables,218,The Pizza Chef,PreppersShelter,220,The Data Scientist,PreppersShelter,,,l200_aus,,,L×1,Chlorobiote Pizza (L),ClearTime,240,360,900,"{""MaxElapsedTimeSec"": -1}",,,game list index,499:36769,187,499:5670,30300035392
218020,388,Standard,delivery,[Keep Flat/Express] Deliver the Ancient Babylonian Pizzas,218,The Pizza Chef,PreppersShelter,222,East Fort Knot (F4),DeliveryBase,,,l200_aus,,,M×6,Babylonian Pizza (M); Babylonian Pizza (M); Babylonian Pizza (M); Babylonian Pizza (M); Babylonian Pizza (M); Babylonian Pizza (M),ClearTime,360,540,1080,"{""MaxElapsedTimeSec"": -1}",,,game list index,499:36769,188,499:4387,303000353a4
218000,389,Standard,delivery,Deliver Spices Made From Rare Pre-Death Stranding Plants,218,The Pizza Chef,PreppersShelter,223,The Chronobiologist,PreppersShelter,,,l200_aus,,,M×6,Special Spices (M); Special Spices (M); Special Spices (M); Special Spices (M); Special Spices (M); Special Spices (M),BaggageDamage,5,25,49,"{""MaxBaggageDamagePercent"": -1}",,,game list index,499:36769,189,499:6529,30300035390
218422,390,Standard,recover_from_enemies,Recover Vital Medical Aid Packages Reported Stolen,218,The Pizza Chef,PreppersShelter,224,The Ghost Hunter,PreppersShelter,,,l200_aus,Armed Survivalist Base South of Heartman's Lab,target name,S×4,Medical Aid Package (S); Medical Aid Package (S); Medical Aid Package (S); Medical Aid Package (S),BaggageCountRate,100,80,51,"{""MinBaggageCount"": -1}",,,game list index,499:36769,190,499:7216,31200035536
214000,391,Standard,delivery,[Breakable Cargo] Deliver Detailed Architect's Models of Fort Knot Cities,214,The Architect,PreppersShelter,213,Northern Environmental Observatory,PreppersShelter,,,l200_aus,,,S×6,Detailed Model (S); Detailed Model (S); Detailed Model (S); Detailed Model (S); Detailed Model (S); Detailed Model (S),BaggageCountRate,100,80,51,"{""MinBaggageCount"": -1}",,,game list index,499:36769,191,499:8008,303000343f0
214008,392,Standard,delivery,"Deliver the Cult Classic Manga Series ""Musclebound Porter J: Porter Wars""",214,The Architect,PreppersShelter,215,F2 South Distribution Center,DeliveryBase,,,l200_aus,,,L×2,Popular Porter Manga (L); Popular Porter Manga (L),BaggageDamage,5,25,49,"{""MaxBaggageDamagePercent"": -1}",,,game list index,499:36769,192,499:9753,303000343f8
214003,393,Standard,delivery,Deliver Special Chemicals Used to Repair External Plaster Walls,214,The Architect,PreppersShelter,216,The Dowser,PreppersShelter,,,l200_aus,,,XL×4,Special Chemicals (XL); Special Chemicals (XL); Special Chemicals (XL); Special Chemicals (XL),BaggageCountRate,100,80,51,"{""MinBaggageCount"": -1}",,,game list index,499:36769,193,499:9684,303000343f3
214052,394,Standard,collect,Recover High-Quality Timefall-Resistant Wood Lost in a BT Area,214,The Architect,PreppersShelter,218,The Pizza Chef,PreppersShelter,,,l200_aus,Near Mine North of Tar Lake,nearest place to marker (261 m),L×4,Timefall-Resistant Wood (L); Timefall-Resistant Wood (L); Timefall-Resistant Wood (L); Timefall-Resistant Wood (L),BaggageCountRate,100,80,51,"{""MinBaggageCount"": -1}",,,game list index,499:36769,194,499:10382,30400034424
214030,395,Standard,delivery,Deliver Metals,214,The Architect,PreppersShelter,220,The Data Scientist,PreppersShelter,,,l200_aus,,,XL×5,Metals (XL x400); Metals (XL x400); Metals (XL x400); Metals (XL x400); Metals (XL x400),BaggageCountRate,100,80,51,"{""MinBaggageCount"": -1}",,,game list index,499:36769,195,499:4996,3030003440e
214001,396,Standard,delivery,[Breakable Cargo] Deliver Detailed Concept Models for Mining Facilities,214,The Architect,PreppersShelter,221,The Mechanic,PreppersShelter,,,l200_aus,,,S×4,Detailed Model (S); Detailed Model (S); Detailed Model (S); Detailed Model (S),BaggageDamage,5,25,49,"{""MaxBaggageDamagePercent"": -1}",,,game list index,499:36769,196,499:5548,303000343f1
220026,397,Standard,delivery,Deliver Barstools Hewn from a Rainbow Eucalyptus Tree,220,The Data Scientist,PreppersShelter,211,Rainy's Shelter,PreppersShelter,,,l200_aus,,,M×3,Elegant Barstool (M); Elegant Barstool (M); Elegant Barstool (M),BaggageDamage,5,25,49,"{""MaxBaggageDamagePercent"": -1}",,,game list index,499:36769,197,499:8280,30300035b7a
220004,398,Standard,delivery,Deliver Samples Including Rock Salt Collected Among Some Strange Stones,220,The Data Scientist,PreppersShelter,215,F2 South Distribution Center,DeliveryBase,,,l200_aus,,,L×3,Stone Sample (L); Stone Sample (L); Stone Sample (L),BaggageCountRate,100,80,51,"{""MinBaggageCount"": -1}",,,game list index,499:36769,198,499:10130,30300035b64
220001,399,Standard,delivery,Deliver Chiral Hot Spring Salts,220,The Data Scientist,PreppersShelter,217,Heartman's Lab,DeliveryBase,,,l200_aus,,,M×4,Hot Spring Salts (M); Hot Spring Salts (M); Hot Spring Salts (M); Hot Spring Salts (M),BaggageDamage,5,25,49,"{""MaxBaggageDamagePercent"": -1}",,,game list index,499:36769,199,499:5031,30300035b61
220005,400,Standard,delivery,[Breakable Cargo] Deliver a Prototype Security Camera That Uses Chiral Particle Imagery,220,The Data Scientist,PreppersShelter,214,The Architect,PreppersShelter,,,l200_aus,,,S×1,Security Camera (S),BaggageDamage,5,25,49,"{""MaxBaggageDamagePercent"": -1}",,,game list index,499:36769,200,499:4880,30300035b65
220021,401,Standard,delivery,"[Hazardous/Chilled] Deliver Quantum-Powered Homemade ""Q-Boy"" Game Consoles and Liquid Helium",220,The Data Scientist,PreppersShelter,214,The Architect,PreppersShelter,,,l200_aus,,,L×6,Homemade Game Console (L); Homemade Game Console (L); Homemade Game Console (L); Liquid Helium (L); Liquid Helium (L); Liquid Helium (L),BaggageDamage,5,25,49,"{""MaxBaggageDamagePercent"": -1}",,,game list index,499:36769,201,499:4730,30300035b75
220070,402,Standard,collect,[Breakable Cargo] Recover Custom Capture Boards for Broadcasting 4D Live Streams Lost During Delivery,220,The Data Scientist,PreppersShelter,220,The Data Scientist,PreppersShelter,,,l200_aus,Near The Data Scientist,nearest place to marker (337 m),M×3,Custom Capture Board (M); Custom Capture Board (M); Custom Capture Board (M),BaggageDamage,5,25,49,"{""MaxBaggageDamagePercent"": -1}",,,game list index,499:36769,202,499:6206,30400035ba6
220115,403,Standard,elimination,[Elimination] Seize Armed Survivalist Base Southwest of the Motherhood,220,The Data Scientist,PreppersShelter,220,The Data Scientist,PreppersShelter,,,l200_aus,Armed Survivalist Base Southwest of the Motherhood,target name,,,PlayerDamage,100,200,300,,,,game list index,499:36769,203,499:8609,31100035bd3
220416,404,Standard,recover_from_enemies,Recover Stolen Wide-Area Surveillance Radar Units,220,The Data Scientist,PreppersShelter,220,The Data Scientist,PreppersShelter,,,l200_aus,Armed Survivalist Base South of Heartman's Lab,target name,L×3,Radar Unit (L); Radar Unit (L); Radar Unit (L),BaggageCountRate,100,80,51,"{""MinBaggageCount"": -1}",,,game list index,499:36769,204,499:10310,31200035d00
220030,405,Standard,delivery,Deliver Special Alloys,220,The Data Scientist,PreppersShelter,208,The Pioneer,PreppersShelter,,,l200_aus,,,L×3,Special Alloys (L x240); Special Alloys (L x240); Special Alloys (L x240),BaggageCountRate,100,80,51,"{""MinBaggageCount"": -1}",,,game list index,499:36769,205,499:8666,30300035b7e
220023,406,Standard,delivery,[Express] Deliver Piping Hot Homemade Gamer's Stew,220,The Data Scientist,PreppersShelter,221,The Mechanic,PreppersShelter,,,l200_aus,,,L×3,Gamers' Stew (L); Gamers' Stew (L); Gamers' Stew (L),ClearTime,180,300,600,"{""MaxElapsedTimeSec"": -1}",,,game list index,499:36769,206,499:4437,30300035b77
220003,407,Standard,delivery,Deliver Tar-Like Substance Samples Containing Chiral Creature Parts,220,The Data Scientist,PreppersShelter,232,The Tar Therapist,PreppersShelter,,,l200_aus,,,M×4,Tar-Like Substance Sample (M); Tar-Like Substance Sample (M); Tar-Like Substance Sample (M); Tar-Like Substance Sample (M),BaggageDamage,5,25,49,"{""MaxBaggageDamagePercent"": -1}",,,game list index,499:36769,207,499:8834,30300035b63
219021,408,Standard,delivery,[Vog Warning] Deliver a Special Solvent for Tar Dissolution,219,The Motherhood,PreppersShelter,215,F2 South Distribution Center,DeliveryBase,,,l200_aus,,,XL×4,Special Solvent for Tar Dissolution (XL); Special Solvent for Tar Dissolution (XL); Special Solvent for Tar Dissolution (XL); Special Solvent for Tar Dissolution (XL),BaggageCountRate,100,80,51,"{""MinBaggageCount"": -1}",,,game list index,499:36769,208,499:8651,3030003578d
219030,409,Standard,delivery,Deliver Metals,219,The Motherhood,PreppersShelter,217,Heartman's Lab,DeliveryBase,,,l200_aus,,,L×4,Metals (L x200); Metals (L x200); Metals (L x200); Metals (L x200),BaggageCountRate,100,80,51,"{""MinBaggageCount"": -1}",,,game list index,499:36769,209,499:4698,30300035796
219007,410,Standard,delivery,[Breakable Cargo] Deliver Telesurgery Devices,219,The Motherhood,PreppersShelter,214,The Architect,PreppersShelter,,,l200_aus,,,XL×3,Telesurgery Device (XL); Telesurgery Device (XL); Telesurgery Device (XL),BaggageCountRate,100,80,51,"{""MinBaggageCount"": -1}",,,game list index,499:36769,210,499:6673,3030003577f
219005,411,Standard,delivery,[Breakable Cargo] Deliver Small Wearable Devices Used for Monitoring Health Status,219,The Motherhood,PreppersShelter,220,The Data Scientist,PreppersShelter,,,l200_aus,,,S×2,Wearable Device (S); Wearable Device (S),BaggageDamage,5,25,49,"{""MaxBaggageDamagePercent"": -1}",,,game list index,499:36769,211,499:8212,3030003577d
219066,412,Standard,collect,Recover Aid Packages Lost During Delivery to Cities,219,The Motherhood,PreppersShelter,219,The Motherhood,PreppersShelter,,,l200_aus,Near The Motherhood,nearest place to marker (539 m),L×4,Aid Package (L); Aid Package (L); Aid Package (L); Aid Package (L),BaggageCountRate,100,80,51,"{""MinBaggageCount"": -1}",,,game list index,499:36769,212,499:6421,304000357ba
219001,413,Standard,delivery,Deliver a Stock of First Aid Kits to Treat Chiral Contamination,219,The Motherhood,PreppersShelter,208,The Pioneer,PreppersShelter,,,l200_aus,,,M×3,First Aid Kits (M); First Aid Kits (M); First Aid Kits (M),BaggageDamage,5,25,49,"{""MaxBaggageDamagePercent"": -1}",,,game list index,499:36769,213,499:8958,30300035779
219013,414,Standard,delivery,Deliver Nutritional Drinks Containing Specially Synthesized Protein,219,The Motherhood,PreppersShelter,221,The Mechanic,PreppersShelter,,,l200_aus,,,L×4,Nutritional Drinks (L); Nutritional Drinks (L); Nutritional Drinks (L); Nutritional Drinks (L),BaggageCountRate,100,80,51,"{""MinBaggageCount"": -1}",,,game list index,499:36769,214,499:4945,30300035785
219420,415,Standard,recover_from_enemies,[Breakable Cargo] Recover Stolen Novel Cytomegalovirus Samples,219,The Motherhood,PreppersShelter,221,The Mechanic,PreppersShelter,,,l200_aus,Armed Survivalist Base Southwest of the Motherhood,target name,S×4,Virus Sample (S); Virus Sample (S); Virus Sample (S); Virus Sample (S),BaggageDamage,5,30,49,"{""MaxBaggageDamagePercent"": -1}",,,game list index,499:36769,215,499:9507,3120003591c
219002,416,Standard,delivery,Deliver Smart Drugs that Improve the Gut Microbiome,219,The Motherhood,PreppersShelter,222,East Fort Knot (F4),DeliveryBase,,,l200_aus,,,S×2,Smart Drugs (S); Smart Drugs (S),BaggageDamage,5,25,49,"{""MaxBaggageDamagePercent"": -1}",,,game list index,499:36769,216,499:8038,3030003577a
219069,417,Standard,collect,Recover Precious High-Energy Emergency Rations Lost During Delivery,219,The Motherhood,PreppersShelter,227,The Adventurer,PreppersShelter,,,l200_aus,Near Eastern Environmental Observatory,nearest place to marker (549 m),L×3,High-Energy Emergency Rations (L); High-Energy Emergency Rations (L); High-Energy Emergency Rations (L),BaggageCountRate,100,80,51,"{""MinBaggageCount"": -1}",,,game list index,499:36769,217,499:6907,304000357bd
219008,418,Standard,delivery,[Breakable Cargo] Deliver Telesurgery Devices for Radiotherapy,219,The Motherhood,PreppersShelter,232,The Tar Therapist,PreppersShelter,,,l200_aus,,,XL×6,Telesurgery Device (XL); Telesurgery Device (XL); Telesurgery Device (XL); Telesurgery Device (XL); Telesurgery Device (XL); Telesurgery Device (XL),BaggageCountRate,100,80,51,"{""MinBaggageCount"": -1}",,,game list index,499:36769,218,499:5864,30300035780
219017,419,Standard,delivery,Deliver a Large Quantity of Anesthetic Agents and Sedatives,219,The Motherhood,PreppersShelter,235,Terminal Fort Knot (F8),DeliveryBase,,,l200_aus,,,S×30,Anesthetic Agent (S); Anesthetic Agent (S); Anesthetic Agent (S); Anesthetic Agent (S); Anesthetic Agent (S); Anesthetic Agent (S); Anesthetic Agent (S); Anesthetic Agent (S); Anesthetic Agent (S); Anesthetic Agent (S); Anesthetic Agent (S); Anesthetic Agent (S); Anesthetic Agent (S); Anesthetic Agent (S); Anesthetic Agent (S); Sedatives (S); Sedatives (S); Sedatives (S); Sedatives (S); Sedatives (S); Sedatives (S); Sedatives (S); Sedatives (S); Sedatives (S); Sedatives (S); Sedatives (S); Sedatives (S); Sedatives (S); Sedatives (S); Sedatives (S),BaggageCountRate,100,80,51,"{""MinBaggageCount"": -1}",,,game list index,499:36769,219,499:10867,30300035789
208007,420,Standard,delivery,"[Breakable Cargo] Deliver Legendary Fine Wine ""Bâtard-Montrachet""",208,The Pioneer,PreppersShelter,217,Heartman's Lab,DeliveryBase,,,l200_aus,,,M×4,Fine Wine (M); Fine Wine (M); Fine Wine (M); Fine Wine (M),BaggageDamage,5,25,49,"{""MaxBaggageDamagePercent"": -1}",,,game list index,499:36769,220,499:10083,30300032c87
208008,421,Standard,delivery,"[Breakable Cargo] Deliver Semi-Mythical Rare Whisky ""Aqua Vitae""",208,The Pioneer,PreppersShelter,218,The Pizza Chef,PreppersShelter,,,l200_aus,,,S×3,Rare Whisky (S); Rare Whisky (S); Rare Whisky (S),BaggageDamage,5,25,49,"{""MaxBaggageDamagePercent"": -1}",,,game list index,499:36769,221,499:4722,30300032c88
208001,422,Standard,delivery,"Deliver the Legendary Strategy RPG Series ""Porter Battle Lines 2066""",208,The Pioneer,PreppersShelter,219,The Motherhood,PreppersShelter,,,l200_aus,,,S×4,Strategy RPG Series (S); Strategy RPG Series (S); Strategy RPG Series (S); Strategy RPG Series (S),BaggageDamage,5,25,49,"{""MaxBaggageDamagePercent"": -1}",,,game list index,499:36769,222,499:7294,30300032c81
208009,423,Standard,delivery,[Breakable Cargo] Deliver Chiral Crystal Ornaments Made in Mexico,208,The Pioneer,PreppersShelter,219,The Motherhood,PreppersShelter,,,l200_aus,,,M×5,Chiral Crystal Ornaments (M); Chiral Crystal Ornaments (M); Chiral Crystal Ornaments (M); Chiral Crystal Ornaments (M); Chiral Crystal Ornaments (M),BaggageDamage,5,25,49,"{""MaxBaggageDamagePercent"": -1}",,,game list index,499:36769,223,499:9487,30300032c89
208004,424,Standard,delivery,"Deliver Tusks of the Mythical Giant Creature Known as the ""Elephant""",208,The Pioneer,PreppersShelter,224,The Ghost Hunter,PreppersShelter,,,l200_aus,,,XL×5,Fossilized Tusk (XL); Fossilized Tusk (XL); Fossilized Tusk (XL); Fossilized Tusk (XL); Fossilized Tusk (XL),BaggageDamage,5,25,49,"{""MaxBaggageDamagePercent"": -1}",,,game list index,499:36769,224,499:7888,30300032c84
208010,425,Standard,delivery,Deliver Meteorite Fragments Believed to Date from the Late Cretaceous Period,208,The Pioneer,PreppersShelter,224,The Ghost Hunter,PreppersShelter,,,l200_aus,,,L×6,Meteorite Fragment (L); Meteorite Fragment (L); Meteorite Fragment (L); Meteorite Fragment (L); Meteorite Fragment (L); Meteorite Fragment (L),BaggageCountRate,100,80,51,"{""MinBaggageCount"": -1}",,,game list index,499:36769,225,499:4066,30300032c8a
208000,426,Standard,delivery,"Deliver the Classic Drama Series ""Greatest Koalas 2: Eucalyptus Eulogy""",208,The Pioneer,PreppersShelter,233,Southern Environmental Observatory,PreppersShelter,,,l200_aus,,,S×1,Koala Drama Series (S),BaggageDamage,5,25,49,"{""MaxBaggageDamagePercent"": -1}",,,game list index,499:36769,226,499:6842,30300032c80
221013,427,Standard,delivery,[Breakable Cargo] Deliver Ancient Fossilized Pizzas,221,The Mechanic,PreppersShelter,217,Heartman's Lab,DeliveryBase,,,l200_aus,,,L×4,Fossilized Pizza (L); Fossilized Pizza (L); Fossilized Pizza (L); Fossilized Pizza (L),BaggageCountRate,100,80,51,"{""MinBaggageCount"": -1}",,,game list index,499:36769,227,499:8897,30300035f55
221003,428,Standard,delivery,[Breakable Cargo] Deliver Super-Sensitive Movement Scanners that Connect Directly to APAS,221,The Mechanic,PreppersShelter,214,The Architect,PreppersShelter,,,l200_aus,,,S×2,Super-Sensitive Scanner (S); Super-Sensitive Scanner (S),BaggageDamage,5,25,49,"{""MaxBaggageDamagePercent"": -1}",,,game list index,499:36769,228,499:9979,30300035f4b
221002,429,Standard,delivery,Deliver Archival Footage of an Off-Road Endurance Race From Before the Death Stranding,221,The Mechanic,PreppersShelter,208,The Pioneer,PreppersShelter,,,l200_aus,,,S×4,Archival Footage (S); Archival Footage (S); Archival Footage (S); Archival Footage (S),BaggageDamage,5,25,49,"{""MaxBaggageDamagePercent"": -1}",,,game list index,499:36769,229,499:5273,30300035f4a
221006,430,Standard,delivery,Deliver Special Tools Used to Inspect Containers,221,The Mechanic,PreppersShelter,222,East Fort Knot (F4),DeliveryBase,,,l200_aus,,,XL×8,Special Tools (XL); Special Tools (XL); Special Tools (XL); Special Tools (XL); Special Tools (XL); Special Tools (XL); Special Tools (XL); Special Tools (XL),BaggageCountRate,100,80,51,"{""MinBaggageCount"": -1}",,,game list index,499:36769,230,499:6390,30300035f4e
221064,431,Standard,collect,Recover High-Grade Springs Forged from Rare Metals,221,The Mechanic,PreppersShelter,221,The Mechanic,PreppersShelter,,,l200_aus,Near Savanna Mine,nearest place to marker (119 m),M×4,High-Grade Springs (M); High-Grade Springs (M); High-Grade Springs (M); High-Grade Springs (M),BaggageCountRate,100,80,51,"{""MinBaggageCount"": -1}",,,game list index,499:36769,231,499:7705,30400035f88
221411,432,Standard,recover_from_enemies,Recover Ramjet Engines Stolen by the Armed Survivalists,221,The Mechanic,PreppersShelter,221,The Mechanic,PreppersShelter,,,l200_aus,Armed Survivalist Base Southwest of the Motherhood,target name,L×6,Ramjet Engine (L); Ramjet Engine (L); Ramjet Engine (L); Ramjet Engine (L); Ramjet Engine (L); Ramjet Engine (L),BaggageCountRate,100,80,51,"{""MinBaggageCount"": -1}",,,game list index,499:36769,232,499:6549,312000360e3
221007,433,Standard,delivery,[Breakable Cargo] Deliver Microfiber High-Resolution Imaging Devices,221,The Mechanic,PreppersShelter,223,The Chronobiologist,PreppersShelter,,,l200_aus,,,L×3,Imaging Device (L); Imaging Device (L); Imaging Device (L),BaggageDamage,5,25,49,"{""MaxBaggageDamagePercent"": -1}",,,game list index,499:36769,233,499:7322,30300035f4f
221015,434,Standard,delivery,[Breakable Cargo] Deliver High-End Audio Devices With Special Custom Tuning,221,The Mechanic,PreppersShelter,224,The Ghost Hunter,PreppersShelter,,,l200_aus,,,M×4,High-End Audio Device (M); High-End Audio Device (M); High-End Audio Device (M); High-End Audio Device (M),BaggageDamage,5,25,49,"{""MaxBaggageDamagePercent"": -1}",,,game list index,499:36769,234,499:7730,30300035f57
221004,435,Standard,delivery,[Breakable Cargo] Deliver Super-Sensitive Accelerometers for Detecting Minute Vibrations,221,The Mechanic,PreppersShelter,212,The Fisherman,PreppersShelter,,,l200_aus,,,S×2,Super-Sensitive Scanner (S); Super-Sensitive Scanner (S),BaggageDamage,5,25,49,"{""MaxBaggageDamagePercent"": -1}",,,game list index,499:36769,235,499:8161,30300035f4c
221016,436,Standard,delivery,[Breakable Cargo] Deliver Classic Video Game Soundtracks,221,The Mechanic,PreppersShelter,235,Terminal Fort Knot (F8),DeliveryBase,,,l200_aus,,,M×5,Soundtrack (M); Soundtrack (M); Soundtrack (M); Soundtrack (M); Soundtrack (M),BaggageCountRate,100,80,51,"{""MinBaggageCount"": -1}",,,game list index,499:36769,236,499:8973,30300035f58
222015,437,Standard,delivery,[Express] Deliver a Large Quantity of Rare Freshwater Fish,222,East Fort Knot (F4),DeliveryBase,203,Western Environmental Observatory,PreppersShelter,,,l200_aus,,,M×25,Rare Freshwater Fish (M); Rare Freshwater Fish (M); Rare Freshwater Fish (M); Rare Freshwater Fish (M); Rare Freshwater Fish (M); Rare Freshwater Fish (M); Rare Freshwater Fish (M); Rare Freshwater Fish (M); Rare Freshwater Fish (M); Rare Freshwater Fish (M); Rare Freshwater Fish (M); Rare Freshwater Fish (M); Rare Freshwater Fish (M); Rare Freshwater Fish (M); Rare Freshwater Fish (M); Rare Freshwater Fish (M); Rare Freshwater Fish (M); Rare Freshwater Fish (M); Rare Freshwater Fish (M); Rare Freshwater Fish (M); Rare Freshwater Fish (M); Rare Freshwater Fish (M); Rare Freshwater Fish (M); Rare Freshwater Fish (M); Rare Freshwater Fish (M),ClearTime,900,1200,1800,"{""MaxElapsedTimeSec"": -1}",,,game list index,499:36769,237,499:10019,3030003633f
222014,438,Standard,delivery,[Express] Deliver Ancient Fish Samples That Drifted Ashore in Large Quantities,222,East Fort Knot (F4),DeliveryBase,206,West Fort Knot (F1),DeliveryBase,,,l200_aus,,,M×18,Stranded Creature Sample (M); Stranded Creature Sample (M); Stranded Creature Sample (M); Stranded Creature Sample (M); Stranded Creature Sample (M); Stranded Creature Sample (M); Stranded Creature Sample (M); Stranded Creature Sample (M); Stranded Creature Sample (M); Stranded Creature Sample (M); Stranded Creature Sample (M); Stranded Creature Sample (M); Stranded Creature Sample (M); Stranded Creature Sample (M); Stranded Creature Sample (M); Stranded Creature Sample (M); Stranded Creature Sample (M); Stranded Creature Sample (M),ClearTime,960,1440,1800,"{""MaxElapsedTimeSec"": -1}",,,game list index,499:36769,238,499:9156,3030003633e
222001,439,Standard,delivery,[Express] Deliver Fresh Seafood Caught in a BT Area,222,East Fort Knot (F4),DeliveryBase,218,The Pizza Chef,PreppersShelter,,,l200_aus,,,M×10,Fresh Seafood (M); Fresh Seafood (M); Fresh Seafood (M); Fresh Seafood (M); Fresh Seafood (M); Fresh Seafood (M); Fresh Seafood (M); Fresh Seafood (M); Fresh Seafood (M); Fresh Seafood (M),ClearTime,330,540,1080,"{""MaxElapsedTimeSec"": -1}",,,game list index,499:36769,239,499:4686,30300036331
222034,440,Standard,delivery,Deliver Metals and Special Alloys,222,East Fort Knot (F4),DeliveryBase,218,The Pizza Chef,PreppersShelter,,,l200_aus,,,"XL×2, L×2",Metals (XL x400); Metals (XL x400); Special Alloys (L x240); Special Alloys (L x240),BaggageCountRate,100,80,51,"{""MinBaggageCount"": -1}",,,game list index,499:36769,240,499:9004,30300036352
222002,441,Standard,delivery,Deliver Extremely Pure Water for Drug Production,222,East Fort Knot (F4),DeliveryBase,219,The Motherhood,PreppersShelter,,,l200_aus,,,XL×6,Extremely Pure Water (XL); Extremely Pure Water (XL); Extremely Pure Water (XL); Extremely Pure Water (XL); Extremely Pure Water (XL); Extremely Pure Water (XL),BaggageCountRate,100,80,51,"{""MinBaggageCount"": -1}",,,game list index,499:36769,241,499:3915,30300036332
222016,442,Standard,delivery,Deliver an Assortment of Rare Flowers Only Found in Australia,222,East Fort Knot (F4),DeliveryBase,208,The Pioneer,PreppersShelter,,,l200_aus,,,M×5,Assortment of Flowers (M); Assortment of Flowers (M); Assortment of Flowers (M); Assortment of Flowers (M); Assortment of Flowers (M),BaggageCountRate,100,80,51,"{""MinBaggageCount"": -1}",,,game list index,499:36769,242,499:8884,30300036340
222012,443,Standard,delivery,Deliver Recently Excavated Mysterious Stone Tablets,222,East Fort Knot (F4),DeliveryBase,221,The Mechanic,PreppersShelter,,,l200_aus,,,XL×2,Mysterious Tablet (XL); Mysterious Tablet (XL),BaggageDamage,5,25,49,"{""MaxBaggageDamagePercent"": -1}",,,game list index,499:36769,243,499:9502,3030003633c
222000,444,Standard,delivery,Deliver Fatigue-Reducing High-Quality Vitamin Supplements,222,East Fort Knot (F4),DeliveryBase,221,The Mechanic,PreppersShelter,,,l200_aus,,,S×6,Vitamin Supplements (S); Vitamin Supplements (S); Vitamin Supplements (S); Vitamin Supplements (S); Vitamin Supplements (S); Vitamin Supplements (S),BaggageCountRate,100,80,51,"{""MinBaggageCount"": -1}",,,game list index,499:36769,244,499:9881,30300036330
222413,445,Standard,recover_from_enemies,Recover Components for a Gene Therapy Device Lost in a BT Area,222,East Fort Knot (F4),DeliveryBase,222,East Fort Knot (F4),DeliveryBase,,,l200_aus,BT Area Northwest of F4,target name,L×4,Machine Components (L); Machine Components (L); Machine Components (L); Machine Components (L),BaggageCountRate,100,80,51,"{""MinBaggageCount"": -1}",,,game list index,499:36769,245,499:11010,312000364cd
222417,446,Standard,recover_from_enemies,Recover Stolen Radar Units Used in an Earthquake Warning System,222,East Fort Knot (F4),DeliveryBase,222,East Fort Knot (F4),DeliveryBase,,,l200_aus,Armed Survivalist Base Southwest of the Motherhood,target name,L×4,Radar Unit (L); Radar Unit (L); Radar Unit (L); Radar Unit (L),BaggageCountRate,100,80,51,"{""MinBaggageCount"": -1}",,,game list index,499:36769,246,499:5617,312000364d1
222031,447,Standard,delivery,Deliver Ceramics,222,East Fort Knot (F4),DeliveryBase,223,The Chronobiologist,PreppersShelter,,,l200_aus,,,M×4,Ceramics (M x80); Ceramics (M x80); Ceramics (M x80); Ceramics (M x80),BaggageCountRate,100,80,51,"{""MinBaggageCount"": -1}",,,game list index,499:36769,247,499:5298,3030003634f
222006,448,Standard,delivery,Deliver High-Energy Emergency Rations Chock Full of Protein,222,East Fort Knot (F4),DeliveryBase,230,The Aeronautical Engineer,PreppersShelter,,,l200_aus,,,L×12,High-Energy Emergency Rations (L); High-Energy Emergency Rations (L); High-Energy Emergency Rations (L); High-Energy Emergency Rations (L); High-Energy Emergency Rations (L); High-Energy Emergency Rations (L); High-Energy Emergency Rations (L); High-Energy Emergency Rations (L); High-Energy Emergency Rations (L); High-Energy Emergency Rations (L); High-Energy Emergency Rations (L); High-Energy Emergency Rations (L),BaggageCountRate,100,80,51,"{""MinBaggageCount"": -1}",,,game list index,499:36769,248,499:9785,30300036336
222032,449,Standard,delivery,Deliver Special Alloys,222,East Fort Knot (F4),DeliveryBase,231,South Fort Knot (F6),DeliveryBase,,,l200_aus,,,"M×4, S×4",Special Alloys (M x120); Special Alloys (M x120); Special Alloys (M x120); Special Alloys (S x60); Special Alloys (M x120); Special Alloys (S x60); Special Alloys (S x60); Special Alloys (S x60),BaggageCountRate,100,80,51,"{""MinBaggageCount"": -1}",,,game list index,499:36769,249,499:3957,30300036350
223010,450,Standard,delivery,[Express] Deliver Piping Hot Cryptobiote Pot-au-Feu,223,The Chronobiologist,PreppersShelter,218,The Pizza Chef,PreppersShelter,,,l200_aus,,,M×4,Cryptobiote Pot-au-Feu (M); Cryptobiote Pot-au-Feu (M); Cryptobiote Pot-au-Feu (M); Cryptobiote Pot-au-Feu (M),ClearTime,150,240,480,"{""MaxElapsedTimeSec"": -1}",,,game list index,499:36769,250,499:6523,30300036722
223002,451,Standard,delivery,[Breakable Cargo] Deliver Archaea Samples Discovered in a Geological Stratum Dating to a Mass Extinction,223,The Chronobiologist,PreppersShelter,219,The Motherhood,PreppersShelter,,,l200_aus,,,M×4,Archaea Samples (M); Archaea Samples (M); Archaea Samples (M); Archaea Samples (M),BaggageDamage,5,25,49,"{""MaxBaggageDamagePercent"": -1}",,,game list index,499:36769,251,499:6489,3030003671a
223053,452,Standard,collect,Recover Fluid for Growing Artificial Organs Washed Away in a River,223,The Chronobiologist,PreppersShelter,223,The Chronobiologist,PreppersShelter,,,l200_aus,Near The Ghost Hunter,nearest place to marker (272 m),XL×6,Fluid for Growing Artificial Organs (XL); Fluid for Growing Artificial Organs (XL); Fluid for Growing Artificial Organs (XL); Fluid for Growing Artificial Organs (XL); Fluid for Growing Artificial Organs (XL); Fluid for Growing Artificial Organs (XL),BaggageDamage,5,25,49,"{""MaxBaggageDamagePercent"": -1}",,,game list index,499:36769,252,499:9870,3040003674d
223411,453,Standard,recover_from_enemies,Recover Precious Tar Obsidian Samples Lost in a BT Area,223,The Chronobiologist,PreppersShelter,223,The Chronobiologist,PreppersShelter,,,l200_aus,BT Area Southeast of the Chronobiologist,target name,L×6,Tar Obsidian (L); Tar Obsidian (L); Tar Obsidian (L); Tar Obsidian (L); Tar Obsidian (L); Tar Obsidian (L),BaggageCountRate,100,80,51,"{""MinBaggageCount"": -1}",,,game list index,499:36769,253,499:4398,312000368b3
223412,454,Standard,recover_from_enemies,[Breakable Cargo] Recover Precision Medical Equipment for Treatment of Infectious Diseases,223,The Chronobiologist,PreppersShelter,223,The Chronobiologist,PreppersShelter,,,l200_aus,Armed Survivalist Base East of the F2 South Distribution Center,target name,L×4,Precision Medical Equipment (L); Precision Medical Equipment (L); Precision Medical Equipment (L); Precision Medical Equipment (L),BaggageDamage,5,30,49,"{""MaxBaggageDamagePercent"": -1}",,,game list index,499:36769,254,499:4427,312000368b4
223005,455,Standard,delivery,Deliver Gel Containing Chiral Microbe Samples,223,The Chronobiologist,PreppersShelter,225,The Metagenomicist,PreppersShelter,,,l200_aus,,,M×4,Chiral Microbe Samples (M); Chiral Microbe Samples (M); Chiral Microbe Samples (M); Chiral Microbe Samples (M),BaggageDamage,5,25,49,"{""MaxBaggageDamagePercent"": -1}",,,game list index,499:36769,255,499:8568,3030003671d
223004,456,Standard,delivery,[Breakable Cargo] Deliver DNA Samples from a New Cytomegalovirus Strain,223,The Chronobiologist,PreppersShelter,225,The Metagenomicist,PreppersShelter,,,l200_aus,,,S×4,DNA Samples (S); DNA Samples (S); DNA Samples (S); DNA Samples (S),BaggageDamage,5,25,49,"{""MaxBaggageDamagePercent"": -1}",,,game list index,499:36769,256,499:7117,3030003671c
223112,457,Standard,elimination,Defeat the Large BT in the BT Area Southwest of the Pizza Chef,223,The Chronobiologist,PreppersShelter,225,The Metagenomicist,PreppersShelter,,,l200_aus,BT Area Southwest of the Pizza Chef,target name,,,PlayerDamage,30,60,90,,,,game list index,499:36769,257,499:5292,31100036788
223008,458,Standard,delivery,Deliver Miniature Dinosaurs Made Using Artificially Recreated Dinosaur Skin,223,The Chronobiologist,PreppersShelter,226,F5 East Distribution Center,DeliveryBase,,,l200_aus,,,M×4,Miniature Dinosaur (M); Miniature Dinosaur (M); Miniature Dinosaur (M); Miniature Dinosaur (M),BaggageDamage,5,25,49,"{""MaxBaggageDamagePercent"": -1}",,,game list index,499:36769,258,499:9945,30300036720
223000,459,Standard,delivery,[Breakable Cargo] Deliver a Cryptobiote Breeding Kit,223,The Chronobiologist,PreppersShelter,228,Eastern Environmental Observatory,PreppersShelter,,,l200_aus,,,M×1,Cryptobiote Breeding Kit (M),BaggageDamage,5,25,49,"{""MaxBaggageDamagePercent"": -1}",,,game list index,499:36769,259,499:9484,30300036718
224000,460,Standard,delivery,Deliver Back Issues of a Legendary Occult Magazine,224,The Ghost Hunter,PreppersShelter,218,The Pizza Chef,PreppersShelter,,,l200_aus,,,S×6,Occult Magazine (S); Occult Magazine (S); Occult Magazine (S); Occult Magazine (S); Occult Magazine (S); Occult Magazine (S),BaggageDamage,5,25,49,"{""MaxBaggageDamagePercent"": -1}",,,game list index,499:36769,260,499:7722,30300036b00
224001,461,Standard,delivery,Deliver a Video Disc Containing Footage of the Mythical Yowie,224,The Ghost Hunter,PreppersShelter,214,The Architect,PreppersShelter,,,l200_aus,,,S×1,Video Disc Featuring an Unidentified Life-Form (S),BaggageDamage,5,25,49,"{""MaxBaggageDamagePercent"": -1}",,,game list index,499:36769,261,499:10428,30300036b01
224002,462,Standard,delivery,Deliver a Spirit Photograph Featuring a Koala's Guardian Spirit,224,The Ghost Hunter,PreppersShelter,208,The Pioneer,PreppersShelter,,,l200_aus,,,S×1,Spirit Photograph (S),BaggageDamage,5,25,49,"{""MaxBaggageDamagePercent"": -1}",,,game list index,499:36769,262,499:10137,30300036b02
224014,463,Standard,delivery,Deliver Old Recorded Media Containing Footage of the Mysterious Min Min Light Phenomenon,224,The Ghost Hunter,PreppersShelter,222,East Fort Knot (F4),DeliveryBase,,,l200_aus,,,S×1,Supernatural Footage (S),BaggageDamage,5,25,49,"{""MaxBaggageDamagePercent"": -1}",,,game list index,499:36769,263,499:9015,30300036b0e
224015,464,Standard,delivery,Deliver Rock Samples Procured from Dolphin-Shaped Chiral Cinder,224,The Ghost Hunter,PreppersShelter,223,The Chronobiologist,PreppersShelter,,,l200_aus,,,XL×5,Rock Samples (XL); Rock Samples (XL); Rock Samples (XL); Rock Samples (XL); Rock Samples (XL),BaggageCountRate,100,80,51,"{""MinBaggageCount"": -1}",,,game list index,499:36769,264,499:6968,30300036b0f
224403,465,Standard,recover_from_enemies,Recover Highly Poisonous Insect Sample Stolen by the Armed Survivalists,224,The Ghost Hunter,PreppersShelter,224,The Ghost Hunter,PreppersShelter,,,l200_aus,Armed Survivalist Base Southwest of the Motherhood,target name,S×1,Insect Sample (S),BaggageDamage,5,30,49,"{""MaxBaggageDamagePercent"": -1}",,,game list index,499:36769,265,499:4442,31200036c93
224012,466,Standard,delivery,[Express] Deliver Incense for an Express Exorcism,224,The Ghost Hunter,PreppersShelter,226,F5 East Distribution Center,DeliveryBase,,,l200_aus,,,L×3,Incense (L); Incense (L); Incense (L),ClearTime,360,540,1080,"{""MaxElapsedTimeSec"": -1}",,,game list index,499:36769,266,499:7956,30300036b0c
225000,467,Standard,delivery,[Breakable Cargo] Deliver Chiral Creature Bodily Fluid Sample,225,The Metagenomicist,PreppersShelter,209,Rainbow Valley,PreppersShelter,,,l200_aus,,,S×1,Chiral Creature Bodily Fluid (S),BaggageDamage,5,25,49,"{""MaxBaggageDamagePercent"": -1}",,,game list index,499:36769,267,499:8936,30300036ee8
225011,468,Standard,delivery,[Express] Deliver Chiral Gratins Made with Synthetic Golden Cheese and Tar Sauce,225,The Metagenomicist,PreppersShelter,218,The Pizza Chef,PreppersShelter,,,l200_aus,,,M×4,Chiral Gratin (M); Chiral Gratin (M); Chiral Gratin (M); Chiral Gratin (M),ClearTime,180,300,600,"{""MaxElapsedTimeSec"": -1}",,,game list index,499:36769,268,499:4512,30300036ef3
225006,469,Standard,delivery,[Do Not Submerge] Deliver Samples of Genetically Edited Edible Cryptobiotes,225,The Metagenomicist,PreppersShelter,219,The Motherhood,PreppersShelter,,,l200_aus,,,L×2,Cryptobiote Samples (L); Cryptobiote Samples (L),BaggageDamage,5,25,49,"{""MaxBaggageDamagePercent"": -1}",,,game list index,499:36769,269,499:7866,30300036eee
225008,470,Standard,delivery,[Express] Deliver Living Samples of Newly Discovered Mutated Organisms,225,The Metagenomicist,PreppersShelter,222,East Fort Knot (F4),DeliveryBase,,,l200_aus,,,XL×15,Mutated Organism (XL); Mutated Organism (XL); Mutated Organism (XL); Mutated Organism (XL); Mutated Organism (XL); Mutated Organism (XL); Mutated Organism (XL); Mutated Organism (XL); Mutated Organism (XL); Mutated Organism (XL); Mutated Organism (XL); Mutated Organism (XL); Mutated Organism (XL); Mutated Organism (XL); Mutated Organism (XL),ClearTime,600,900,1500,"{""MaxElapsedTimeSec"": -1}",,,game list index,499:36769,270,499:10348,30300036ef0
225112,471,Standard,elimination,[Elimination] Defeat the Large BTs in the BT Area North of the F5 East Distribution Center,225,The Metagenomicist,PreppersShelter,225,The Metagenomicist,PreppersShelter,,,l200_aus,BT Area North of the F5 East Distribution Center,target name,,,PlayerDamage,40,60,90,,,,game list index,499:36769,271,499:7679,31100036f58
225402,472,Standard,recover_from_enemies,[Breakable Cargo] Recover Delicate Measuring Instruments for Genome Analysis Lost in a BT Area,225,The Metagenomicist,PreppersShelter,225,The Metagenomicist,PreppersShelter,,,l200_aus,BT Area Southwest of the Pizza Chef,target name,L×3,Delicate Measuring Instrument (L); Delicate Measuring Instrument (L); Delicate Measuring Instrument (L),BaggageCountRate,100,80,51,"{""MinBaggageCount"": -1}",,,game list index,499:36769,272,499:4147,3120003707a
225413,473,Standard,recover_from_enemies,Recover Backup Generator Units Lost During Delivery,225,The Metagenomicist,PreppersShelter,225,The Metagenomicist,PreppersShelter,,,l200_aus,Chiral Creature Habitat (Near The Data Scientist),target name + nearest place to marker (366 m),L×4,Backup Generator Unit (L); Backup Generator Unit (L); Backup Generator Unit (L); Backup Generator Unit (L),BaggageCountRate,100,80,51,"{""MinBaggageCount"": -1}",,,game list index,499:36769,273,499:5465,31200037085
225007,474,Standard,delivery,[Do Not Submerge] Deliver Samples of Genetically Edited Chlorobiotes with Painkilling Properties,225,The Metagenomicist,PreppersShelter,226,F5 East Distribution Center,DeliveryBase,,,l200_aus,,,L×4,Chlorobiotes (L); Chlorobiotes (L); Chlorobiotes (L); Chlorobiotes (L),BaggageDamage,5,25,49,"{""MaxBaggageDamagePercent"": -1}",,,game list index,499:36769,274,499:10729,30300036eef
225009,475,Standard,delivery,[Express] Deliver a Mysterious New Species of Soft-Bodied Organism Found in a BT Area,225,The Metagenomicist,PreppersShelter,228,Eastern Environmental Observatory,PreppersShelter,,,l200_aus,,,L×16,Soft-Bodied Creature (L); Soft-Bodied Creature (L); Soft-Bodied Creature (L); Soft-Bodied Creature (L); Soft-Bodied Creature (L); Soft-Bodied Creature (L); Soft-Bodied Creature (L); Soft-Bodied Creature (L); Soft-Bodied Creature (L); Soft-Bodied Creature (L); Soft-Bodied Creature (L); Soft-Bodied Creature (L); Soft-Bodied Creature (L); Soft-Bodied Creature (L); Soft-Bodied Creature (L); Soft-Bodied Creature (L),ClearTime,480,600,1200,"{""MaxElapsedTimeSec"": -1}",,,game list index,499:36769,275,499:10547,30300036ef1
226010,476,Standard,delivery,[Breakable Cargo] Deliver Delicate Measuring Instruments Equipped with Compact Weather Radars,226,F5 East Distribution Center,DeliveryBase,204,The Lone Commander,PreppersShelter,,,l200_aus,,,L×4,Delicate Measuring Instrument (L); Delicate Measuring Instrument (L); Delicate Measuring Instrument (L); Delicate Measuring Instrument (L),BaggageDamage,5,25,49,"{""MaxBaggageDamagePercent"": -1}",,,game list index,499:36769,276,499:6943,303000372da
226004,477,Standard,delivery,[Breakable Cargo] Deliver Specially Made Coral Dinnerware,226,F5 East Distribution Center,DeliveryBase,208,The Pioneer,PreppersShelter,,,l200_aus,,,M×3,Specially Made Dinnerware (M); Specially Made Dinnerware (M); Specially Made Dinnerware (M),BaggageDamage,5,25,49,"{""MaxBaggageDamagePercent"": -1}",,,game list index,499:36769,277,499:10444,303000372d4
226007,478,Standard,delivery,[Express] Deliver Unidentified Mollusks Washed Up on the Shores of the Tar Lake,226,F5 East Distribution Center,DeliveryBase,223,The Chronobiologist,PreppersShelter,,,l200_aus,,,L×2,Unidentified Mollusk (L); Unidentified Mollusk (L),ClearTime,300,480,960,"{""MaxElapsedTimeSec"": -1}",,,game list index,499:36769,278,499:9486,303000372d7
226006,479,Standard,delivery,[Express] Deliver Chiral Mammal Fragments Washed Up on the Shores of the Tar Lake,226,F5 East Distribution Center,DeliveryBase,225,The Metagenomicist,PreppersShelter,,,l200_aus,,,L×2,Chiral Mammal Fragment (L); Chiral Mammal Fragment (L),ClearTime,240,360,900,"{""MaxElapsedTimeSec"": -1}",,,game list index,499:36769,279,499:6444,303000372d6
226032,480,Standard,delivery,Deliver Ceramics,226,F5 East Distribution Center,DeliveryBase,225,The Metagenomicist,PreppersShelter,,,l200_aus,,,"L×2, M×3",Ceramics (L x160); Ceramics (L x160); Ceramics (M x80); Ceramics (M x80); Ceramics (M x80),BaggageCountRate,100,80,51,"{""MinBaggageCount"": -1}",,,game list index,499:36769,280,499:10460,303000372f0
226033,481,Standard,delivery,Deliver Resins and Ceramics,226,F5 East Distribution Center,DeliveryBase,225,The Metagenomicist,PreppersShelter,,,l200_aus,,,M×8,Resins (M x80); Resins (M x80); Resins (M x80); Resins (M x80); Ceramics (M x80); Ceramics (M x80); Ceramics (M x80); Ceramics (M x80),BaggageCountRate,100,80,51,"{""MinBaggageCount"": -1}",,,game list index,499:36769,281,499:6023,303000372f1
226113,482,Standard,elimination,Destroy the Large BT in the BT Area South of the Metagenomicist,226,F5 East Distribution Center,DeliveryBase,226,F5 East Distribution Center,DeliveryBase,,,l200_aus,BT Area South of the Metagenomicist,target name,,,PlayerDamage,30,50,70,,,,game list index,499:36769,282,499:7193,31100037341
226412,483,Standard,recover_from_enemies,Recover Emergency Medical Supplies Lost in a BT Area,226,F5 East Distribution Center,DeliveryBase,226,F5 East Distribution Center,DeliveryBase,,,l200_aus,BT Area North of the F5 East Distribution Center,target name,M×4,Medical Supplies (M); Medical Supplies (M); Medical Supplies (M); Medical Supplies (M),BaggageCountRate,100,80,51,"{""MinBaggageCount"": -1}",,,game list index,499:36769,283,499:4359,3120003746c
226031,484,Standard,delivery,Deliver Metals and Ceramics,226,F5 East Distribution Center,DeliveryBase,212,The Fisherman,PreppersShelter,,,l200_aus,,,"L×3, M×3",Metals (L x200); Metals (L x200); Metals (L x200); Ceramics (M x80); Ceramics (M x80); Ceramics (M x80),BaggageCountRate,100,80,51,"{""MinBaggageCount"": -1}",,,game list index,499:36769,284,499:6781,303000372ef
226011,485,Standard,delivery,[Hazardous] Deliver Tar Fuel Highly Concentrated for Portability,226,F5 East Distribution Center,DeliveryBase,227,The Adventurer,PreppersShelter,,,l200_aus,,,S×2,Tar Fuel (S); Tar Fuel (S),BaggageDamage,5,25,49,"{""MaxBaggageDamagePercent"": -1}",,,game list index,499:36769,285,499:8430,303000372db
226003,486,Standard,delivery,[Hazardous] Deliver Condensed Fuel Distilled from Lake Tar,226,F5 East Distribution Center,DeliveryBase,228,Eastern Environmental Observatory,PreppersShelter,,,l200_aus,,,L×6,Tar Fuel (L); Tar Fuel (L); Tar Fuel (L); Tar Fuel (L); Tar Fuel (L); Tar Fuel (L),BaggageDamage,5,25,49,"{""MaxBaggageDamagePercent"": -1}",,,game list index,499:36769,286,499:6767,303000372d3
226000,487,Standard,delivery,Deliver High-Calorie Food Rations for Cold Climates,226,F5 East Distribution Center,DeliveryBase,230,The Aeronautical Engineer,PreppersShelter,,,l200_aus,,,S×6,Food Rations (S); Food Rations (S); Food Rations (S); Food Rations (S); Food Rations (S); Food Rations (S),BaggageCountRate,100,80,51,"{""MinBaggageCount"": -1}",,,game list index,499:36769,287,499:5241,303000372d0
226030,488,Standard,delivery,Deliver Resins and Chemicals,226,F5 East Distribution Center,DeliveryBase,237,Mr. Impossible,PreppersShelter,,,l200_aus,,,XL×4,Resins (XL x320); Resins (XL x320); Chemicals (XL x240); Chemicals (XL x240),BaggageCountRate,100,80,51,"{""MinBaggageCount"": -1}",,,game list index,499:36769,288,499:8987,303000372ee
212000,489,Standard,delivery,Deliver a Tar Fishing Set,212,The Fisherman,PreppersShelter,210,Animal Shelter,PreppersShelter,,,l200_aus,,,"L×1, M×1, S×1",Tar Fishing Net (L); Hand Net for Tar Fishing (M); Sensor Unit for Tar Fishing (S),BaggageDamage,5,25,49,"{""MaxBaggageDamagePercent"": -1}",,,game list index,499:36769,289,499:4414,30300033c20
212010,490,Standard,delivery,Deliver Snake-Shaped Chiral Creature Samples,212,The Fisherman,PreppersShelter,213,Northern Environmental Observatory,PreppersShelter,,,l200_aus,,,M×4,Chiral Creature Sample (M); Chiral Creature Sample (M); Chiral Creature Sample (M); Chiral Creature Sample (M),BaggageCountRate,100,80,51,"{""MinBaggageCount"": -1}",,,game list index,499:36769,290,499:9248,30300033c2a
212017,491,Standard,delivery,[Express] Deliver an Assortment of Fresh Tar Organisms,212,The Fisherman,PreppersShelter,215,F2 South Distribution Center,DeliveryBase,,,l200_aus,,,L×2,Assortment of Tar Organisms (L); Assortment of Tar Organisms (L),ClearTime,210,300,600,"{""MaxElapsedTimeSec"": -1}",,,game list index,499:36769,291,499:8138,30300033c31
212021,492,Standard,delivery,Deliver a Supposedly Clairvoyant Octopus Rumored to be able to Predict the Future,212,The Fisherman,PreppersShelter,208,The Pioneer,PreppersShelter,,,l200_aus,,,L×1,Mystical Octopus (L),BaggageDamage,5,25,49,"{""MaxBaggageDamagePercent"": -1}",,,game list index,499:36769,292,499:4320,30300033c35
212001,493,Standard,delivery,Deliver Stranded Creature Samples that Appear to be Ancient Fish,212,The Fisherman,PreppersShelter,226,F5 East Distribution Center,DeliveryBase,,,l200_aus,,,M×3,Stranded Creature Sample (M); Stranded Creature Sample (M); Stranded Creature Sample (M),BaggageDamage,5,25,49,"{""MaxBaggageDamagePercent"": -1}",,,game list index,499:36769,293,499:4601,30300033c21
212122,494,Standard,elimination,[Elimination] Defeat all Floating BTs in the BT Area,212,The Fisherman,PreppersShelter,212,The Fisherman,PreppersShelter,,,l200_aus,BT Area (Near The Fisherman),target name + nearest place to marker (392 m),,,PlayerDamage,0,100,200,,,,game list index,499:36769,294,499:9763,31100033c9a
227001,495,Standard,delivery,Return Tar-Powered Oil Heaters,227,The Adventurer,PreppersShelter,226,F5 East Distribution Center,DeliveryBase,,,l200_aus,,,L×2,Oil Heater (L); Oil Heater (L),BaggageDamage,5,25,49,"{""MaxBaggageDamagePercent"": -1}",,,game list index,499:36769,295,499:9307,303000376b9
227002,496,Standard,delivery,Deliver a Collection of Old Photos Depicting the Mighty Mount Everest,227,The Adventurer,PreppersShelter,228,Eastern Environmental Observatory,PreppersShelter,,,l200_aus,,,M×2,Prized Photo Collection (M); Prized Photo Collection (M),BaggageDamage,5,25,49,"{""MaxBaggageDamagePercent"": -1}",,,game list index,499:36769,296,499:3940,303000376ba
227010,497,Standard,delivery,"Deliver Titles from the Indie Adventure Movie Series ""The Indus Tiger Roams Alone""",227,The Adventurer,PreppersShelter,230,The Aeronautical Engineer,PreppersShelter,,,l200_aus,,,S×2,Independent Adventure Movie (S); Independent Adventure Movie (S),BaggageDamage,5,25,49,"{""MaxBaggageDamagePercent"": -1}",,,game list index,499:36769,297,499:4688,303000376c2
227030,498,Standard,delivery,Deliver Chemicals,227,The Adventurer,PreppersShelter,230,The Aeronautical Engineer,PreppersShelter,,,l200_aus,,,L×6,Chemicals (L x120); Chemicals (L x120); Chemicals (L x120); Chemicals (L x120); Chemicals (L x120); Chemicals (L x120),BaggageCountRate,100,80,51,"{""MinBaggageCount"": -1}",,,game list index,499:36769,298,499:3200,303000376d6
227004,499,Standard,delivery,[Chilled] Deliver Timefall Snow Samples from the Top of a Mountain,227,The Adventurer,PreppersShelter,233,Southern Environmental Observatory,PreppersShelter,,,l200_aus,,,XL×2,Timefall Snow Samples (XL); Timefall Snow Samples (XL),BaggageDamage,5,25,49,"{""MaxBaggageDamagePercent"": -1}",,,game list index,499:36769,299,499:10909,303000376bc
227007,500,Standard,delivery,Deliver a Selection of Bollywood Classics from the Early 21st Century,227,The Adventurer,PreppersShelter,234,F7 North Distribution Center,DeliveryBase,,,l200_aus,,,M×6,Selection of Bollywood Classics (M); Selection of Bollywood Classics (M); Selection of Bollywood Classics (M); Selection of Bollywood Classics (M); Selection of Bollywood Classics (M); Selection of Bollywood Classics (M),BaggageCountRate,100,80,51,"{""MinBaggageCount"": -1}",,,game list index,499:36769,300,499:6593,303000376bf
227009,501,Standard,delivery,"Deliver Discs of the Experimental Musical Movie ""Let Naatu Roar!""",227,The Adventurer,PreppersShelter,235,Terminal Fort Knot (F8),DeliveryBase,,,l200_aus,,,S×2,Experimental Musical Movie (S); Experimental Musical Movie (S),BaggageDamage,5,25,49,"{""MaxBaggageDamagePercent"": -1}",,,game list index,499:36769,301,499:9371,303000376c1
228006,502,Standard,delivery,Deliver Spring Water from the Australian Alps,228,Eastern Environmental Observatory,PreppersShelter,218,The Pizza Chef,PreppersShelter,,,l200_aus,,,XL×4,Mountain Spring Water (XL); Mountain Spring Water (XL); Mountain Spring Water (XL); Mountain Spring Water (XL),BaggageDamage,5,25,49,"{""MaxBaggageDamagePercent"": -1}",,,game list index,499:36769,302,499:10178,30300037aa6
228032,503,Standard,delivery,Deliver Metals and Special Alloys,228,Eastern Environmental Observatory,PreppersShelter,223,The Chronobiologist,PreppersShelter,,,l200_aus,,,"XL×2, L×2",Metals (XL x400); Metals (XL x400); Special Alloys (L x240); Special Alloys (L x240),BaggageDamage,5,25,49,"{""MaxBaggageDamagePercent"": -1}",,,game list index,499:36769,303,499:5982,30300037ac0
228009,504,Standard,delivery,[Express] Return Accidentally Borrowed Pulp Romance Novels from the Early 21st Century,228,Eastern Environmental Observatory,PreppersShelter,223,The Chronobiologist,PreppersShelter,,,l200_aus,,,M×34,Romance Novels (M); Romance Novels (M); Romance Novels (M); Romance Novels (M); Romance Novels (M); Romance Novels (M); Romance Novels (M); Romance Novels (M); Romance Novels (M); Romance Novels (M); Romance Novels (M); Romance Novels (M); Romance Novels (M); Romance Novels (M); Romance Novels (M); Romance Novels (M); Romance Novels (M); Romance Novels (M); Romance Novels (M); Romance Novels (M); Romance Novels (M); Romance Novels (M); Romance Novels (M); Romance Novels (M); Romance Novels (M); Romance Novels (M); Romance Novels (M); Romance Novels (M); Romance Novels (M); Romance Novels (M); Romance Novels (M); Romance Novels (M); Romance Novels (M); Romance Novels (M),ClearTime,480,600,1200,"{""MaxElapsedTimeSec"": -1}",,,game list index,499:36769,304,499:5270,30300037aa9
228000,505,Standard,delivery,Deliver Cryptobiote Samples Found Near the Top of a Mountain,228,Eastern Environmental Observatory,PreppersShelter,223,The Chronobiologist,PreppersShelter,,,l200_aus,,,L×4,Cryptobiote Samples (L); Cryptobiote Samples (L); Cryptobiote Samples (L); Cryptobiote Samples (L),BaggageDamage,5,25,49,"{""MaxBaggageDamagePercent"": -1}",,,game list index,499:36769,305,499:8350,30300037aa0
228031,506,Standard,delivery,Deliver Special Alloys,228,Eastern Environmental Observatory,PreppersShelter,224,The Ghost Hunter,PreppersShelter,,,l200_aus,,,M×5,Special Alloys (M x120); Special Alloys (M x120); Special Alloys (M x120); Special Alloys (M x120); Special Alloys (M x120),BaggageCountRate,100,80,51,"{""MinBaggageCount"": -1}",,,game list index,499:36769,306,499:3956,30300037abf
228001,507,Standard,delivery,[Chilled] Deliver Timefall Snow Samples Taken from the Snowy Mountains,228,Eastern Environmental Observatory,PreppersShelter,226,F5 East Distribution Center,DeliveryBase,,,l200_aus,,,L×3,Timefall Snow Samples (L); Timefall Snow Samples (L); Timefall Snow Samples (L),BaggageDamage,5,25,49,"{""MaxBaggageDamagePercent"": -1}",,,game list index,499:36769,307,499:6043,30300037aa1
228012,508,Standard,delivery,Deliver Hard-Wearing Undergarments Designed for Sub-Zero Temperatures,228,Eastern Environmental Observatory,PreppersShelter,227,The Adventurer,PreppersShelter,,,l200_aus,,,M×2,Hard-Wearing Undergarments (M); Hard-Wearing Undergarments (M),BaggageDamage,5,25,49,"{""MaxBaggageDamagePercent"": -1}",,,game list index,499:36769,308,499:6689,30300037aac
228016,509,Standard,delivery,Deliver Specially Blended Coffee Beans,228,Eastern Environmental Observatory,PreppersShelter,227,The Adventurer,PreppersShelter,,,l200_aus,,,S×4,Special Coffee Beans (S); Special Coffee Beans (S); Special Coffee Beans (S); Special Coffee Beans (S),BaggageDamage,5,25,49,"{""MaxBaggageDamagePercent"": -1}",,,game list index,499:36769,309,499:5170,30300037ab0
228052,510,Standard,collect,Recover Oxytocin Lost in a Rockfall During Delivery,228,Eastern Environmental Observatory,PreppersShelter,228,Eastern Environmental Observatory,PreppersShelter,,,l200_aus,Near The Aeronautical Engineer,nearest place to marker (246 m),S×6,Oxytocin (S); Oxytocin (S); Oxytocin (S); Oxytocin (S); Oxytocin (S); Oxytocin (S),BaggageDamage,5,25,49,"{""MaxBaggageDamagePercent"": -1}",,,game list index,499:36769,310,499:5463,30400037ad4
228415,511,Standard,recover_from_enemies,Recover Hoard of Stolen Chiralium-Rich Chemical,228,Eastern Environmental Observatory,PreppersShelter,228,Eastern Environmental Observatory,PreppersShelter,,,l200_aus,Armed Survivalist Base Southeast of the Phantom Smith,target name,L×4,Chiralium-Rich Chemical (L); Chiralium-Rich Chemical (L); Chiralium-Rich Chemical (L); Chiralium-Rich Chemical (L),BaggageCountRate,100,80,51,"{""MinBaggageCount"": -1}",,,game list index,499:36769,311,499:6213,31200037c3f
228414,512,Standard,recover_from_enemies,Recover Extremophile Microorganism Samples Lost in a BT Area,228,Eastern Environmental Observatory,PreppersShelter,228,Eastern Environmental Observatory,PreppersShelter,,,l200_aus,BT Area South of the Metagenomicist,target name,S×10,Microbe Sample (S); Microbe Sample (S); Microbe Sample (S); Microbe Sample (S); Microbe Sample (S); Microbe Sample (S); Microbe Sample (S); Microbe Sample (S); Microbe Sample (S); Microbe Sample (S),BaggageCountRate,100,80,51,"{""MinBaggageCount"": -1}",,,game list index,499:36769,312,499:4533,31200037c3e
228030,513,Standard,delivery,Deliver Metals and Chemicals,228,Eastern Environmental Observatory,PreppersShelter,230,The Aeronautical Engineer,PreppersShelter,,,l200_aus,,,"L×2, M×3",Metals (L x200); Metals (L x200); Chemicals (M x60); Chemicals (M x60); Chemicals (M x60),BaggageCountRate,100,80,51,"{""MinBaggageCount"": -1}",,,game list index,499:36769,313,499:9665,30300037abe
228008,514,Standard,delivery,[Breakable Cargo] Deliver Chiral Antennas from a Broken Ghost Field Measuring Device,228,Eastern Environmental Observatory,PreppersShelter,229,The Phantom Smith,PreppersShelter,,,l200_aus,,,L×4,Chiral Antenna (L); Chiral Antenna (L); Chiral Antenna (L); Chiral Antenna (L),BaggageDamage,5,25,49,"{""MaxBaggageDamagePercent"": -1}",,,game list index,499:36769,314,499:5906,30300037aa8
228005,515,Standard,delivery,Deliver Aerosol Samples from a Chiral Cloud,228,Eastern Environmental Observatory,PreppersShelter,234,F7 North Distribution Center,DeliveryBase,,,l200_aus,,,L×4,Chiral Cloud Aerosol (L); Chiral Cloud Aerosol (L); Chiral Cloud Aerosol (L); Chiral Cloud Aerosol (L),BaggageDamage,5,25,49,"{""MaxBaggageDamagePercent"": -1}",,,game list index,499:36769,315,499:8925,30300037aa5
230011,516,Standard,delivery,[Breakable Cargo] Deliver Emergency Medical Kits for Use in the Field,230,The Aeronautical Engineer,PreppersShelter,227,The Adventurer,PreppersShelter,,,l200_aus,,,M×3,Emergency Medical Kit (M); Emergency Medical Kit (M); Emergency Medical Kit (M),BaggageDamage,5,25,49,"{""MaxBaggageDamagePercent"": -1}",,,game list index,499:36769,316,499:10579,3030003827b
230005,517,Standard,delivery,[Breakable Cargo] Deliver Chiralsonde Prototypes for High-Altitude Investigations,230,The Aeronautical Engineer,PreppersShelter,228,Eastern Environmental Observatory,PreppersShelter,,,l200_aus,,,L×3,Chiralsonde (L); Chiralsonde (L); Chiralsonde (L),BaggageDamage,5,25,49,"{""MaxBaggageDamagePercent"": -1}",,,game list index,499:36769,317,499:7781,30300038275
230050,518,Standard,collect,Recover a Large Volume of Special Alloys Abandoned During Delivery,230,The Aeronautical Engineer,PreppersShelter,230,The Aeronautical Engineer,PreppersShelter,,,l200_aus,Near The Aeronautical Engineer,nearest place to marker (220 m),"L×3, S×3",Special Alloys (L x240); Special Alloys (L x240); Special Alloys (L x240); Special Alloys (S x60); Special Alloys (S x60); Special Alloys (S x60),BaggageCountRate,100,80,51,"{""MinBaggageCount"": -1}",,,game list index,499:36769,318,499:10485,304000382a2
230001,519,Standard,delivery,[Breakable Cargo] Deliver Specially Made Components for Thrust Vectoring Devices,230,The Aeronautical Engineer,PreppersShelter,229,The Phantom Smith,PreppersShelter,,,l200_aus,,,M×1,Thrust Vectoring Components (M),BaggageDamage,5,25,49,"{""MaxBaggageDamagePercent"": -1}",,,game list index,499:36769,319,499:8654,30300038271
230030,520,Standard,delivery,Deliver Ceramics and Chemicals,230,The Aeronautical Engineer,PreppersShelter,229,The Phantom Smith,PreppersShelter,,,l200_aus,,,XL×4,Ceramics (XL x320); Ceramics (XL x320); Chemicals (XL x240); Chemicals (XL x240),BaggageCountRate,100,80,51,"{""MinBaggageCount"": -1}",,,game list index,499:36769,320,499:4605,3030003828e
230010,521,Standard,delivery,[Breakable Cargo] Deliver Newly Designed Rocket Engine,230,The Aeronautical Engineer,PreppersShelter,231,South Fort Knot (F6),DeliveryBase,,,l200_aus,,,XL×1,Newly Designed Rocket Engine (XL),BaggageDamage,5,25,49,"{""MaxBaggageDamagePercent"": -1}",,,game list index,499:36769,321,499:7925,3030003827a
230006,522,Standard,delivery,[Hazardous/Chilled] Deliver Liquid Helium,230,The Aeronautical Engineer,PreppersShelter,234,F7 North Distribution Center,DeliveryBase,,,l200_aus,,,L×6,Liquid Helium (L); Liquid Helium (L); Liquid Helium (L); Liquid Helium (L); Liquid Helium (L); Liquid Helium (L),BaggageCountRate,100,80,51,"{""MinBaggageCount"": -1}",,,game list index,499:36769,322,499:6147,30300038276
230008,523,Standard,delivery,[Chilled] Deliver Ancient Fish Found Frozen in the Tundra,230,The Aeronautical Engineer,PreppersShelter,236,BPAS,PreppersShelter,,,l200_aus,,,M×2,Ancient Fish (M); Ancient Fish (M),BaggageDamage,5,25,49,"{""MaxBaggageDamagePercent"": -1}",,,game list index,499:36769,323,499:8937,30300038278
230007,524,Standard,delivery,[Hazardous/Chilled] Deliver Liquid Oxygen,230,The Aeronautical Engineer,PreppersShelter,237,Mr. Impossible,PreppersShelter,,,l200_aus,,,L×3,Liquid Oxygen (L); Liquid Oxygen (L); Liquid Oxygen (L),BaggageDamage,5,25,49,"{""MaxBaggageDamagePercent"": -1}",,,game list index,499:36769,324,499:5829,30300038277
229005,525,Standard,delivery,[Hazardous] Deliver Phantom Speakers That Produces BT Sounds,229,The Phantom Smith,PreppersShelter,224,The Ghost Hunter,PreppersShelter,,,l200_aus,,,L×2,Phantom Speakers (L); Phantom Speakers (L),BaggageDamage,5,25,49,"{""MaxBaggageDamagePercent"": -1}",,,game list index,499:36769,325,499:10364,30300037e8d
229001,526,Standard,delivery,[Breakable Cargo] Deliver Synthesized Alcoholic Beverages That Recreate the Taste of Fine Japanese Sake,229,The Phantom Smith,PreppersShelter,225,The Metagenomicist,PreppersShelter,,,l200_aus,,,S×4,Synthesized Alcoholic Beverage (S); Synthesized Alcoholic Beverage (S); Synthesized Alcoholic Beverage (S); Synthesized Alcoholic Beverage (S),BaggageDamage,5,25,49,"{""MaxBaggageDamagePercent"": -1}",,,game list index,499:36769,326,499:9792,30300037e89
229004,527,Standard,delivery,[Breakable Cargo] Deliver Prototype Chiralsonde for Investigating the Depths of the Tar Current,229,The Phantom Smith,PreppersShelter,226,F5 East Distribution Center,DeliveryBase,,,l200_aus,,,L×3,Chiralsonde (L); Chiralsonde (L); Chiralsonde (L),BaggageDamage,5,25,49,"{""MaxBaggageDamagePercent"": -1}",,,game list index,499:36769,327,499:8334,30300037e8c
229009,528,Standard,delivery,Deliver Performance-Enhancing Nutritional Drinks Containing Quandong Extract,229,The Phantom Smith,PreppersShelter,227,The Adventurer,PreppersShelter,,,l200_aus,,,M×4,Nutritional Drinks (M); Nutritional Drinks (M); Nutritional Drinks (M); Nutritional Drinks (M),BaggageDamage,5,25,49,"{""MaxBaggageDamagePercent"": -1}",,,game list index,499:36769,328,499:5166,30300037e91
229003,529,Standard,delivery,[Breakable Cargo] Deliver Chiral Antennas from a Ghost Field Measuring Device,229,The Phantom Smith,PreppersShelter,228,Eastern Environmental Observatory,PreppersShelter,,,l200_aus,,,L×4,Chiral Antenna (L); Chiral Antenna (L); Chiral Antenna (L); Chiral Antenna (L),BaggageDamage,5,25,49,"{""MaxBaggageDamagePercent"": -1}",,,game list index,499:36769,329,499:8602,30300037e8b
229012,530,Standard,delivery,Deliver Precision Components for a New Rocket Engine,229,The Phantom Smith,PreppersShelter,230,The Aeronautical Engineer,PreppersShelter,,,l200_aus,,,M×6,Rocket Engine Components (M); Rocket Engine Components (M); Rocket Engine Components (M); Rocket Engine Components (M); Rocket Engine Components (M); Rocket Engine Components (M),BaggageDamage,5,25,49,"{""MaxBaggageDamagePercent"": -1}",,,game list index,499:36769,330,499:3995,30300037e94
229058,531,Standard,collect,Recover a Valuable Timefall-Resistant Paint Lost During Delivery,229,The Phantom Smith,PreppersShelter,229,The Phantom Smith,PreppersShelter,,,l200_aus,Near Eastern Environmental Observatory,nearest place to marker (630 m),XL×4,Timefall-Resistant Paint (XL); Timefall-Resistant Paint (XL); Timefall-Resistant Paint (XL); Timefall-Resistant Paint (XL),BaggageDamage,5,25,49,"{""MaxBaggageDamagePercent"": -1}",,,game list index,499:36769,331,499:6475,30400037ec2
229110,532,Standard,elimination,[Elimination] Seize Armed Survivalist Base Southeast of the Phantom Smith's Shelter,229,The Phantom Smith,PreppersShelter,229,The Phantom Smith,PreppersShelter,,,l200_aus,Armed Survivalist Base Southeast of the Phantom Smith,target name,,,PlayerDamage,100,200,300,,,,game list index,499:36769,332,499:7109,31100037ef6
229000,533,Standard,delivery,[Chilled] Deliver Special Volatile Chemicals,229,The Phantom Smith,PreppersShelter,232,The Tar Therapist,PreppersShelter,,,l200_aus,,,L×4,Special Chemicals (L); Special Chemicals (L); Special Chemicals (L); Special Chemicals (L),BaggageDamage,5,25,49,"{""MaxBaggageDamagePercent"": -1}",,,game list index,499:36769,333,499:9308,30300037e88
229006,534,Standard,delivery,[Hazardous] Deliver Phantom Recorders That Detect the Movement of Souls to and from the Seam,229,The Phantom Smith,PreppersShelter,236,BPAS,PreppersShelter,,,l200_aus,,,L×4,Phantom Recorder (L); Phantom Recorder (L); Phantom Recorder (L); Phantom Recorder (L),BaggageDamage,5,25,49,"{""MaxBaggageDamagePercent"": -1}",,,game list index,499:36769,334,499:7521,30300037e8e
229013,535,Standard,delivery,Deliver Stuffed Cryptobiote Toys,229,The Phantom Smith,PreppersShelter,237,Mr. Impossible,PreppersShelter,,,l200_aus,,,L×6,Stuffed Cryptobiote Toy (L); Stuffed Cryptobiote Toy (L); Stuffed Cryptobiote Toy (L); Stuffed Cryptobiote Toy (L); Stuffed Cryptobiote Toy (L); Stuffed Cryptobiote Toy (L),BaggageCountRate,100,80,51,"{""MinBaggageCount"": -1}",,,game list index,499:36769,335,499:6486,30300037e95
232004,536,Standard,delivery,[Vog Warning] Deliver Specially Blended Tar Medicine to Regulate the Soul and the Nervous System,232,The Tar Therapist,PreppersShelter,215,F2 South Distribution Center,DeliveryBase,,,l200_aus,,,XL×3,Tar Medicine (XL); Tar Medicine (XL); Tar Medicine (XL),BaggageDamage,5,25,49,"{""MaxBaggageDamagePercent"": -1}",,,game list index,499:36769,336,499:5924,30300038a44
232008,537,Standard,delivery,[Breakable Cargo] Deliver Highly Prized Tar-Distilled Liquor,232,The Tar Therapist,PreppersShelter,219,The Motherhood,PreppersShelter,,,l200_aus,,,M×4,Tar-Distilled Liquor (M); Tar-Distilled Liquor (M); Tar-Distilled Liquor (M); Tar-Distilled Liquor (M),BaggageCountRate,100,80,51,"{""MinBaggageCount"": -1}",,,game list index,499:36769,337,499:10292,30300038a48
232002,538,Standard,delivery,Deliver Houseplants Used for Tar Therapy,232,The Tar Therapist,PreppersShelter,222,East Fort Knot (F4),DeliveryBase,,,l200_aus,,,L×2,Houseplants (L); Houseplants (L),BaggageDamage,5,25,49,"{""MaxBaggageDamagePercent"": -1}",,,game list index,499:36769,338,499:10422,30300038a42
232010,539,Standard,delivery,[Express] Deliver Chiral Gratin Made with Stranded Sardines and Tar Sauce,232,The Tar Therapist,PreppersShelter,229,The Phantom Smith,PreppersShelter,,,l200_aus,,,M×1,Chiral Gratin (M),ClearTime,180,300,600,"{""MaxElapsedTimeSec"": -1}",,,game list index,499:36769,339,499:7054,30300038a4a
232401,540,Standard,recover_from_enemies,[Breakable Cargo] Recover Remotely Operated Precision Medical Instruments Lost in a BT Area,232,The Tar Therapist,PreppersShelter,232,The Tar Therapist,PreppersShelter,,,l200_aus,BT Area North of F6,target name,L×6,Precision Medical Equipment (L); Precision Medical Equipment (L); Precision Medical Equipment (L); Precision Medical Equipment (L); Precision Medical Equipment (L); Precision Medical Equipment (L),BaggageDamage,5,25,49,"{""MaxBaggageDamagePercent"": -1}",,,game list index,499:36769,340,499:6082,31200038bd1
232007,541,Standard,delivery,Deliver High-Quality Tar Coffee,232,The Tar Therapist,PreppersShelter,234,F7 North Distribution Center,DeliveryBase,,,l200_aus,,,S×2,Tar Coffee (S); Tar Coffee (S),BaggageDamage,5,25,49,"{""MaxBaggageDamagePercent"": -1}",,,game list index,499:36769,341,499:4456,30300038a47
231021,542,Standard,delivery,[Express] Deliver an Assortment of Fresh Tar Organisms,231,South Fort Knot (F6),DeliveryBase,203,Western Environmental Observatory,PreppersShelter,,,l200_aus,,,L×20,Assortment of Tar Organisms (L); Assortment of Tar Organisms (L); Assortment of Tar Organisms (L); Assortment of Tar Organisms (L); Assortment of Tar Organisms (L); Assortment of Tar Organisms (L); Assortment of Tar Organisms (L); Assortment of Tar Organisms (L); Assortment of Tar Organisms (L); Assortment of Tar Organisms (L); Assortment of Tar Organisms (L); Assortment of Tar Organisms (L); Assortment of Tar Organisms (L); Assortment of Tar Organisms (L); Assortment of Tar Organisms (L); Assortment of Tar Organisms (L); Assortment of Tar Organisms (L); Assortment of Tar Organisms (L); Assortment of Tar Organisms (L); Assortment of Tar Organisms (L),ClearTime,840,1080,1800,"{""MaxElapsedTimeSec"": -1}",,,game list index,499:36769,342,499:6481,3030003866d
231035,543,Standard,delivery,Deliver Chemicals and Special Alloys,231,South Fort Knot (F6),DeliveryBase,222,East Fort Knot (F4),DeliveryBase,,,l200_aus,,,XL×24,Chemicals (XL x240); Chemicals (XL x240); Chemicals (XL x240); Chemicals (XL x240); Chemicals (XL x240); Chemicals (XL x240); Chemicals (XL x240); Chemicals (XL x240); Chemicals (XL x240); Chemicals (XL x240); Chemicals (XL x240); Chemicals (XL x240); Special Alloys (XL x480); Special Alloys (XL x480); Special Alloys (XL x480); Special Alloys (XL x480); Special Alloys (XL x480); Special Alloys (XL x480); Special Alloys (XL x480); Special Alloys (XL x480); Special Alloys (XL x480); Special Alloys (XL x480); Special Alloys (XL x480); Special Alloys (XL x480),BaggageCountRate,100,80,51,"{""MinBaggageCount"": -1}",,,game list index,499:36769,343,499:10406,3030003867b
231015,544,Standard,delivery,Deliver a Large Volume of Transportable Emergency Food Rations,231,South Fort Knot (F6),DeliveryBase,227,The Adventurer,PreppersShelter,,,l200_aus,,,M×8,Food Rations (M); Food Rations (M); Food Rations (M); Food Rations (M); Food Rations (M); Food Rations (M); Food Rations (M); Food Rations (M),BaggageCountRate,100,80,51,"{""MinBaggageCount"": -1}",,,game list index,499:36769,344,499:9622,30300038667
231012,545,Standard,delivery,Deliver Nutritional Drinks Made Using Eucalyptus Oil,231,South Fort Knot (F6),DeliveryBase,228,Eastern Environmental Observatory,PreppersShelter,,,l200_aus,,,M×4,Nutritional Drinks (M); Nutritional Drinks (M); Nutritional Drinks (M); Nutritional Drinks (M),BaggageCountRate,100,80,51,"{""MinBaggageCount"": -1}",,,game list index,499:36769,345,499:6127,30300038664
231019,546,Standard,delivery,"[Hazardous/Chilled] Deliver ""Beach-IIC"" Miniature Rockets and Propellant",231,South Fort Knot (F6),DeliveryBase,228,Eastern Environmental Observatory,PreppersShelter,,,l200_aus,,,"XL×3, L×4","""Beach-IIC"" Miniature Rocket (XL); ""Beach-IIC"" Miniature Rocket (XL); ""Beach-IIC"" Miniature Rocket (XL); Rocket Propellant (L); Rocket Propellant (L); Rocket Propellant (L); Rocket Propellant (L)",BaggageDamage,5,25,49,"{""MaxBaggageDamagePercent"": -1}",,,game list index,499:36769,346,499:8171,3030003866b
231018,547,Standard,delivery,Deliver New Material for Rocket Components,231,South Fort Knot (F6),DeliveryBase,229,The Phantom Smith,PreppersShelter,,,l200_aus,,,L×6,Rocket Component Material (L); Rocket Component Material (L); Rocket Component Material (L); Rocket Component Material (L); Rocket Component Material (L); Rocket Component Material (L),BaggageCountRate,100,80,51,"{""MinBaggageCount"": -1}",,,game list index,499:36769,347,499:7160,3030003866a
231004,548,Standard,delivery,Deliver Special Precision Tools for Grinding and Polishing,231,South Fort Knot (F6),DeliveryBase,229,The Phantom Smith,PreppersShelter,,,l200_aus,,,M×4,Special Tools (M); Special Tools (M); Special Tools (M); Special Tools (M),BaggageCountRate,100,80,51,"{""MinBaggageCount"": -1}",,,game list index,499:36769,348,499:6367,3030003865c
231031,549,Standard,delivery,Deliver Metals and Resins,231,South Fort Knot (F6),DeliveryBase,229,The Phantom Smith,PreppersShelter,,,l200_aus,,,L×8,Metals (L x200); Metals (L x200); Metals (L x200); Metals (L x200); Resins (L x160); Resins (L x160); Resins (L x160); Resins (L x160),BaggageCountRate,100,80,51,"{""MinBaggageCount"": -1}",,,game list index,499:36769,349,499:10515,30300038677
231056,550,Standard,collect,Recover Precious Jewelry Lost in Ruins of Town,231,South Fort Knot (F6),DeliveryBase,231,South Fort Knot (F6),DeliveryBase,,,l200_aus,Near South Fort Knot (F6),nearest place to marker (383 m),M×4,Precious Jewelry (M); Precious Jewelry (M); Precious Jewelry (M); Precious Jewelry (M),BaggageDamage,5,25,49,"{""MaxBaggageDamagePercent"": -1}",,,game list index,499:36769,350,499:7869,30400038690
231422,551,Standard,recover_from_enemies,[Breakable Cargo] Recover Stolen Quantum Calculation Devices,231,South Fort Knot (F6),DeliveryBase,231,South Fort Knot (F6),DeliveryBase,,,l200_aus,Armed Survivalist Base Southeast of the Phantom Smith,target name,M×3,Quantum Calculation Devices (M); Quantum Calculation Devices (M); Quantum Calculation Devices (M),BaggageDamage,5,30,49,"{""MaxBaggageDamagePercent"": -1}",,,game list index,499:36769,351,499:6984,312000387fe
231032,552,Standard,delivery,Deliver Chemicals,231,South Fort Knot (F6),DeliveryBase,232,The Tar Therapist,PreppersShelter,,,l200_aus,,,L×5,Chemicals (L x120); Chemicals (L x120); Chemicals (L x120); Chemicals (L x120); Chemicals (L x120),BaggageCountRate,100,80,51,"{""MinBaggageCount"": -1}",,,game list index,499:36769,352,499:8175,30300038678
231033,553,Standard,delivery,Deliver Metals and Chemicals,231,South Fort Knot (F6),DeliveryBase,233,Southern Environmental Observatory,PreppersShelter,,,l200_aus,,,L×5,Metals (L x200); Metals (L x200); Metals (L x200); Chemicals (L x120); Chemicals (L x120),BaggageCountRate,100,80,51,"{""MinBaggageCount"": -1}",,,game list index,499:36769,353,499:9002,30300038679
231010,554,Standard,delivery,[Do Not Submerge] Deliver Asian Weaver Ants to be Eaten Alive,231,South Fort Knot (F6),DeliveryBase,234,F7 North Distribution Center,DeliveryBase,,,l200_aus,,,L×4,Edible Weaver Ants (L); Edible Weaver Ants (L); Edible Weaver Ants (L); Edible Weaver Ants (L),BaggageCountRate,100,80,51,"{""MinBaggageCount"": -1}",,,game list index,499:36769,354,499:9766,30300038662
231034,555,Standard,delivery,Deliver Metals and Ceramics,231,South Fort Knot (F6),DeliveryBase,235,Terminal Fort Knot (F8),DeliveryBase,,,l200_aus,,,"L×16, M×4",Metals (L x200); Metals (L x200); Metals (L x200); Metals (L x200); Metals (L x200); Metals (L x200); Metals (L x200); Metals (L x200); Ceramics (L x160); Ceramics (L x160); Ceramics (L x160); Ceramics (L x160); Ceramics (L x160); Ceramics (L x160); Ceramics (L x160); Ceramics (L x160); Ceramics (M x80); Ceramics (M x80); Ceramics (M x80); Ceramics (M x80),BaggageCountRate,100,80,51,"{""MinBaggageCount"": -1}",,,game list index,499:36769,355,499:8420,3030003867a
233003,556,Standard,delivery,Deliver the Bones of a Bird Believed to Have Drifted Ashore from New Zealand,233,Southern Environmental Observatory,PreppersShelter,217,Heartman's Lab,DeliveryBase,,,l200_aus,,,L×2,Kiwi Bones (L); Kiwi Bones (L),BaggageDamage,5,25,49,"{""MaxBaggageDamagePercent"": -1}",,,game list index,499:36769,356,499:6938,30300038e2b
233013,557,Standard,delivery,Deliver Oil Used for High-Quality Tar Refining Machines,233,Southern Environmental Observatory,PreppersShelter,223,The Chronobiologist,PreppersShelter,,,l200_aus,,,XL×6,Tar Oil (XL); Tar Oil (XL); Tar Oil (XL); Tar Oil (XL); Tar Oil (XL); Tar Oil (XL),BaggageCountRate,100,80,51,"{""MinBaggageCount"": -1}",,,game list index,499:36769,357,499:3691,30300038e35
233009,558,Standard,delivery,[Vog Warning] Deliver Highly Volatile Condensed Tar,233,Southern Environmental Observatory,PreppersShelter,226,F5 East Distribution Center,DeliveryBase,,,l200_aus,,,XL×5,Volatile Condensed Tar (XL); Volatile Condensed Tar (XL); Volatile Condensed Tar (XL); Volatile Condensed Tar (XL); Volatile Condensed Tar (XL),BaggageDamage,5,25,49,"{""MaxBaggageDamagePercent"": -1}",,,game list index,499:36769,358,499:8088,30300038e31
233002,559,Standard,delivery,Deliver Broken Backup Generator Units,233,Southern Environmental Observatory,PreppersShelter,230,The Aeronautical Engineer,PreppersShelter,,,l200_aus,,,L×4,Backup Generator Unit (L); Backup Generator Unit (L); Backup Generator Unit (L); Backup Generator Unit (L),BaggageCountRate,100,80,51,"{""MinBaggageCount"": -1}",,,game list index,499:36769,359,499:5380,30300038e2a
233010,560,Standard,delivery,Deliver Recently Excavated Figurines Depicting Giant Kaiju,233,Southern Environmental Observatory,PreppersShelter,229,The Phantom Smith,PreppersShelter,,,l200_aus,,,M×2,Kaiju Figurine (M); Kaiju Figurine (M),BaggageDamage,5,25,49,"{""MaxBaggageDamagePercent"": -1}",,,game list index,499:36769,360,499:6514,30300038e32
233030,561,Standard,delivery,Deliver Chemicals,233,Southern Environmental Observatory,PreppersShelter,232,The Tar Therapist,PreppersShelter,,,l200_aus,,,L×3,Chemicals (L x120); Chemicals (L x120); Chemicals (L x120),BaggageCountRate,100,80,51,"{""MinBaggageCount"": -1}",,,game list index,499:36769,361,499:4663,30300038e46
233054,562,Standard,collect,[Breakable Cargo] Recover Jewelry Left Behind in F7 and Lost in a BT Area,233,Southern Environmental Observatory,PreppersShelter,231,South Fort Knot (F6),DeliveryBase,,,l200_aus,Near South Edge Mine,nearest place to marker (147 m),M×4,Precious Jewelry (M); Precious Jewelry (M); Precious Jewelry (M); Precious Jewelry (M),BaggageDamage,5,25,49,"{""MaxBaggageDamagePercent"": -1}",,,game list index,499:36769,362,499:4028,30400038e5e
233061,563,Standard,collect,"Deliver Classic Drama Series ""Greatest Koalas: The Price of Betrayal""",233,Southern Environmental Observatory,PreppersShelter,233,Southern Environmental Observatory,PreppersShelter,,,l200_aus,Near The Phantom Smith,nearest place to marker (12 m),S×2,Koala Drama Series (S); Koala Drama Series (S),BaggageDamage,5,25,49,"{""MaxBaggageDamagePercent"": -1}",,,game list index,499:36769,363,499:8090,30400038e65
233407,564,Standard,recover_from_enemies,Recover Poisonous Plant Samples Stolen by the Armed Survivalists,233,Southern Environmental Observatory,PreppersShelter,233,Southern Environmental Observatory,PreppersShelter,,,l200_aus,Armed Survivalist Base Southeast of the Phantom Smith,target name,M×6,Poisonous Plant Samples (M); Poisonous Plant Samples (M); Poisonous Plant Samples (M); Poisonous Plant Samples (M); Poisonous Plant Samples (M); Poisonous Plant Samples (M),BaggageCountRate,100,80,51,"{""MinBaggageCount"": -1}",,,game list index,499:36769,364,499:5709,31200038fbf
233031,565,Standard,delivery,Deliver Ceramics,233,Southern Environmental Observatory,PreppersShelter,236,BPAS,PreppersShelter,,,l200_aus,,,L×6,Ceramics (L x160); Ceramics (L x160); Ceramics (L x160); Ceramics (L x160); Ceramics (L x160); Ceramics (L x160),BaggageCountRate,100,80,51,"{""MinBaggageCount"": -1}",,,game list index,499:36769,365,499:4306,30300038e47
233005,566,Standard,delivery,[Hazardous] Deliver Maximally Condensed Tar Fuel,233,Southern Environmental Observatory,PreppersShelter,237,Mr. Impossible,PreppersShelter,,,l200_aus,,,L×3,Tar Fuel (L); Tar Fuel (L); Tar Fuel (L),BaggageDamage,5,25,49,"{""MaxBaggageDamagePercent"": -1}",,,game list index,499:36769,366,499:10707,30300038e2d
234006,567,Standard,delivery,Deliver History Books Concerning Pre-Stranding Eurasia,234,F7 North Distribution Center,DeliveryBase,202,The Government's Base,PreppersShelter,,,l200_aus,,,M×4,Rare History Books (M); Rare History Books (M); Rare History Books (M); Rare History Books (M),BaggageDamage,5,25,49,"{""MaxBaggageDamagePercent"": -1}",,,game list index,499:36769,367,499:9195,30300039216
234031,568,Standard,delivery,Deliver Metals and Ceramics,234,F7 North Distribution Center,DeliveryBase,204,The Lone Commander,PreppersShelter,,,l200_aus,,,XL×16,Metals (XL x400); Metals (XL x400); Metals (XL x400); Metals (XL x400); Metals (XL x400); Metals (XL x400); Metals (XL x400); Metals (XL x400); Ceramics (XL x320); Ceramics (XL x320); Ceramics (XL x320); Ceramics (XL x320); Ceramics (XL x320); Ceramics (XL x320); Ceramics (XL x320); Ceramics (XL x320),BaggageCountRate,100,80,51,"{""MinBaggageCount"": -1}",,,game list index,499:36769,368,499:10412,3030003922f
234032,569,Standard,delivery,Deliver Chemicals and Special Alloys,234,F7 North Distribution Center,DeliveryBase,227,The Adventurer,PreppersShelter,,,l200_aus,,,XL×6,Chemicals (XL x240); Chemicals (XL x240); Chemicals (XL x240); Chemicals (XL x240); Special Alloys (XL x480); Special Alloys (XL x480),BaggageCountRate,100,80,51,"{""MinBaggageCount"": -1}",,,game list index,499:36769,369,499:9542,30300039230
234010,570,Standard,delivery,Deliver Recently Excavated Set of Old Board Games,234,F7 North Distribution Center,DeliveryBase,228,Eastern Environmental Observatory,PreppersShelter,,,l200_aus,,,M×2,Board Game (M); Board Game (M),BaggageDamage,5,25,49,"{""MaxBaggageDamagePercent"": -1}",,,game list index,499:36769,370,499:4469,3030003921a
234030,571,Standard,delivery,Deliver Ceramics and Special Alloys,234,F7 North Distribution Center,DeliveryBase,230,The Aeronautical Engineer,PreppersShelter,,,l200_aus,,,M×4,Ceramics (M x80); Ceramics (M x80); Special Alloys (M x120); Special Alloys (M x120),BaggageCountRate,100,80,51,"{""MinBaggageCount"": -1}",,,game list index,499:36769,371,499:4780,3030003922e
234000,572,Standard,delivery,[Express] Deliver New and Improved Smart Drugs,234,F7 North Distribution Center,DeliveryBase,232,The Tar Therapist,PreppersShelter,,,l200_aus,,,S×8,Smart Drugs (S); Smart Drugs (S); Smart Drugs (S); Smart Drugs (S); Smart Drugs (S); Smart Drugs (S); Smart Drugs (S); Smart Drugs (S),ClearTime,210,300,600,"{""MaxElapsedTimeSec"": -1}",,,game list index,499:36769,372,499:10451,30300039210
234008,573,Standard,delivery,[Breakable Cargo] Deliver Fossils of Unidentified Cretaceous Creatures With Umbilical Cords,234,F7 North Distribution Center,DeliveryBase,233,Southern Environmental Observatory,PreppersShelter,,,l200_aus,,,S×3,Animal Fossil (S); Animal Fossil (S); Animal Fossil (S),BaggageDamage,5,25,49,"{""MaxBaggageDamagePercent"": -1}",,,game list index,499:36769,373,499:6930,30300039218
234051,574,Standard,collect,[Breakable Cargo] Recover Misplaced Precision Instruments for Intricate Crafting,234,F7 North Distribution Center,DeliveryBase,234,F7 North Distribution Center,DeliveryBase,,,l200_aus,Near Waystation 1,nearest place to marker (307 m),L×4,High-Precision Instruments (L); High-Precision Instruments (L); High-Precision Instruments (L); High-Precision Instruments (L),BaggageDamage,5,25,49,"{""MaxBaggageDamagePercent"": -1}",,,game list index,499:36769,374,499:9269,30400039243
234311,575,Standard,destroy_cargo,[Hazardous] Dispose of Concentrated Tar Fuel Stockpiled by the Armed Survivalists,234,F7 North Distribution Center,DeliveryBase,234,F7 North Distribution Center,DeliveryBase,,,l200_aus,Armed Survivalist Base Southeast of the Phantom Smith,target name,L×12,"Tar Fuel (L, destroy); Tar Fuel (L, destroy); Tar Fuel (L, destroy); Tar Fuel (L, destroy); Tar Fuel (L, destroy); Tar Fuel (L, destroy); Tar Fuel (L, destroy); Tar Fuel (L, destroy); Tar Fuel (L, destroy); Tar Fuel (L, destroy); Tar Fuel (L, destroy); Tar Fuel (L, destroy)",PlayerDamage,100,200,300,,,,game list index,499:36769,375,499:7671,31300039347
234403,576,Standard,recover_from_enemies,Recover Emergency First Aid Kits from a BT Area,234,F7 North Distribution Center,DeliveryBase,234,F7 North Distribution Center,DeliveryBase,,,l200_aus,BT Area North of F6,target name,M×6,First Aid Kits (M); First Aid Kits (M); First Aid Kits (M); First Aid Kits (M); First Aid Kits (M); First Aid Kits (M),BaggageCountRate,100,80,51,"{""MinBaggageCount"": -1}",,,game list index,499:36769,376,499:8734,312000393a3
234011,577,Standard,delivery,[Breakable Cargo] Deliver Custom-Made Server Units,234,F7 North Distribution Center,DeliveryBase,236,BPAS,PreppersShelter,,,l200_aus,,,L×4,Server Unit (L); Server Unit (L); Server Unit (L); Server Unit (L),BaggageDamage,5,25,49,"{""MaxBaggageDamagePercent"": -1}",,,game list index,499:36769,377,499:7104,3030003921b
234033,578,Standard,delivery,Deliver Resins and Chemicals,234,F7 North Distribution Center,DeliveryBase,237,Mr. Impossible,PreppersShelter,,,l200_aus,,,XL×12,Resins (XL x320); Resins (XL x320); Resins (XL x320); Resins (XL x320); Resins (XL x320); Resins (XL x320); Chemicals (XL x240); Chemicals (XL x240); Chemicals (XL x240); Chemicals (XL x240); Chemicals (XL x240); Chemicals (XL x240),BaggageCountRate,100,80,51,"{""MinBaggageCount"": -1}",,,game list index,499:36769,378,499:5358,30300039231
235030,579,Standard,delivery,Deliver Resins and Special Alloys,235,Terminal Fort Knot (F8),DeliveryBase,227,The Adventurer,PreppersShelter,,,l200_aus,,,XL×6,Resins (XL x320); Resins (XL x320); Resins (XL x320); Special Alloys (XL x480); Special Alloys (XL x480); Special Alloys (XL x480),BaggageCountRate,100,80,51,"{""MinBaggageCount"": -1}",,,game list index,499:36769,379,499:4770,30300039616
235031,580,Standard,delivery,Deliver Special Alloys,235,Terminal Fort Knot (F8),DeliveryBase,228,Eastern Environmental Observatory,PreppersShelter,,,l200_aus,,,XL×8,Special Alloys (XL x480); Special Alloys (XL x480); Special Alloys (XL x480); Special Alloys (XL x480); Special Alloys (XL x480); Special Alloys (XL x480); Special Alloys (XL x480); Special Alloys (XL x480),BaggageCountRate,100,80,51,"{""MinBaggageCount"": -1}",,,game list index,499:36769,380,499:4055,30300039617
235032,581,Standard,delivery,Deliver Chemicals,235,Terminal Fort Knot (F8),DeliveryBase,228,Eastern Environmental Observatory,PreppersShelter,,,l200_aus,,,L×6,Chemicals (L x120); Chemicals (L x120); Chemicals (L x120); Chemicals (L x120); Chemicals (L x120); Chemicals (L x120),BaggageCountRate,100,80,51,"{""MinBaggageCount"": -1}",,,game list index,499:36769,381,499:7371,30300039618
235000,582,Standard,delivery,Deliver a Large Volume of High-Energy Food Rations,235,Terminal Fort Knot (F8),DeliveryBase,231,South Fort Knot (F6),DeliveryBase,,,l200_aus,,,L×18,Food Rations (L); Food Rations (L); Food Rations (L); Food Rations (L); Food Rations (L); Food Rations (L); Food Rations (L); Food Rations (L); Food Rations (L); Food Rations (L); Food Rations (L); Food Rations (L); Food Rations (L); Food Rations (L); Food Rations (L); Food Rations (L); Food Rations (L); Food Rations (L),BaggageCountRate,100,80,51,"{""MinBaggageCount"": -1}",,,game list index,499:36769,382,499:6428,303000395f8
235006,583,Standard,delivery,[Express] Deliver Blood Products for Transfusion,235,Terminal Fort Knot (F8),DeliveryBase,231,South Fort Knot (F6),DeliveryBase,,,l200_aus,,,M×40,Blood Product (M); Blood Product (M); Blood Product (M); Blood Product (M); Blood Product (M); Blood Product (M); Blood Product (M); Blood Product (M); Blood Product (M); Blood Product (M); Blood Product (M); Blood Product (M); Blood Product (M); Blood Product (M); Blood Product (M); Blood Product (M); Blood Product (M); Blood Product (M); Blood Product (M); Blood Product (M); Blood Product (M); Blood Product (M); Blood Product (M); Blood Product (M); Blood Product (M); Blood Product (M); Blood Product (M); Blood Product (M); Blood Product (M); Blood Product (M); Blood Product (M); Blood Product (M); Blood Product (M); Blood Product (M); Blood Product (M); Blood Product (M); Blood Product (M); Blood Product (M); Blood Product (M); Blood Product (M),ClearTime,240,360,900,"{""MaxElapsedTimeSec"": -1}",,,game list index,499:36769,383,499:4885,303000395fe
235013,584,Standard,delivery,"Deliver the Classic Drama Series ""Greatest Koalas 3: Love in the Treetops""",235,Terminal Fort Knot (F8),DeliveryBase,233,Southern Environmental Observatory,PreppersShelter,,,l200_aus,,,S×1,Koala Drama Series (S),BaggageDamage,5,25,49,"{""MaxBaggageDamagePercent"": -1}",,,game list index,499:36769,384,499:7858,30300039605
235002,585,Standard,delivery,Deliver Food Rations and Drinking Water for Emergencies,235,Terminal Fort Knot (F8),DeliveryBase,234,F7 North Distribution Center,DeliveryBase,,,l200_aus,,,XL×6,Food Rations (XL); Food Rations (XL); Food Rations (XL); Drinking Water (XL); Drinking Water (XL); Drinking Water (XL),BaggageCountRate,100,80,51,"{""MinBaggageCount"": -1}",,,game list index,499:36769,385,499:9814,303000395fa
235061,586,Standard,collect,Recover Bones of a Mammal Believed to Have Drifted Ashore from Tasmania,235,Terminal Fort Knot (F8),DeliveryBase,235,Terminal Fort Knot (F8),DeliveryBase,,,l200_aus,Near South Edge Mine,nearest place to marker (382 m),M×4,Animal Bones (M); Animal Bones (M); Animal Bones (M); Animal Bones (M),BaggageDamage,5,25,49,"{""MaxBaggageDamagePercent"": -1}",,,game list index,499:36769,386,499:5884,30400039635
235004,587,Standard,delivery,[Hazardous] Deliver High-Pressure Fuel Cells for Use in Emergencies,235,Terminal Fort Knot (F8),DeliveryBase,236,BPAS,PreppersShelter,,,l200_aus,,,L×2,Fuel Cell (L); Fuel Cell (L),BaggageDamage,5,25,49,"{""MaxBaggageDamagePercent"": -1}",,,game list index,499:36769,387,499:9892,303000395fc
235008,588,Standard,delivery,[Chilled] Deliver Organic Vegetables Grown in a City Garden,235,Terminal Fort Knot (F8),DeliveryBase,237,Mr. Impossible,PreppersShelter,,,l200_aus,,,L×4,Organic Vegetables (L); Organic Vegetables (L); Organic Vegetables (L); Organic Vegetables (L),BaggageDamage,5,25,49,"{""MaxBaggageDamagePercent"": -1}",,,game list index,499:36769,388,499:7687,30300039600
236008,589,Standard,delivery,[Keep Flat/Express] Deliver Prototype AI Pizzas Based on an Auto-Generated Recipe,236,BPAS,PreppersShelter,220,The Data Scientist,PreppersShelter,,,l200_aus,,,M×2,AI Pizza (M); AI Pizza (M),ClearTime,480,600,1200,"{""MaxElapsedTimeSec"": -1}",,,game list index,499:36769,389,499:9707,303000399e8
236003,590,Standard,delivery,Deliver Experimentally Developed Metamaterials for Suppressing Ghost Field Interference,236,BPAS,PreppersShelter,229,The Phantom Smith,PreppersShelter,,,l200_aus,,,XL×6,Metamaterials (XL); Metamaterials (XL); Metamaterials (XL); Metamaterials (XL); Metamaterials (XL); Metamaterials (XL),BaggageCountRate,100,80,51,"{""MinBaggageCount"": -1}",,,game list index,499:36769,390,499:7044,303000399e3
236002,591,Standard,delivery,[Breakable Cargo] Deliver Next-Gen Wide-Area Chiral Antenna Prototypes,236,BPAS,PreppersShelter,234,F7 North Distribution Center,DeliveryBase,,,l200_aus,,,L×3,Chiral Antenna (L); Chiral Antenna (L); Chiral Antenna (L),BaggageDamage,5,25,49,"{""MaxBaggageDamagePercent"": -1}",,,game list index,499:36769,391,499:7838,303000399e2
236004,592,Standard,delivery,[Breakable Cargo] Deliver Compact Quantum Servers for Use with Experimental AI,236,BPAS,PreppersShelter,235,Terminal Fort Knot (F8),DeliveryBase,,,l200_aus,,,M×4,Compact Quantum Server (M); Compact Quantum Server (M); Compact Quantum Server (M); Compact Quantum Server (M),BaggageDamage,5,25,49,"{""MaxBaggageDamagePercent"": -1}",,,game list index,499:36769,392,499:8372,303000399e4
236050,593,Standard,collect,Recover Food Rations and Drinking Water Lost During Delivery,236,BPAS,PreppersShelter,236,BPAS,PreppersShelter,,,l200_aus,Near BPAS,nearest place to marker (257 m),"XL×4, L×4",Food Rations (L); Food Rations (L); Food Rations (L); Food Rations (L); Drinking Water (XL); Drinking Water (XL); Drinking Water (XL); Drinking Water (XL),BaggageCountRate,100,80,51,"{""MinBaggageCount"": -1}",,,game list index,499:36769,393,499:4707,30400039a12
236061,594,Standard,collect,[Express] Recover Blood Products Lost During Delivery,236,BPAS,PreppersShelter,236,BPAS,PreppersShelter,,,l200_aus,Near The Phantom Smith,nearest place to marker (325 m),S×2,Blood Product (S); Blood Product (S),ClearTime,270,420,960,"{""MaxElapsedTimeSec"": -1}",,,game list index,499:36769,394,499:7520,30400039a1d
237001,595,Standard,delivery,[Express] Deliver Collector's Edition Box Sets of Independent Horror-Comedy Films,237,Mr. Impossible,PreppersShelter,205,The Musician,PreppersShelter,,,l200_aus,,,S×2,Independent Horror-Comedy (S); Independent Horror-Comedy (S),ClearTime,210,300,600,"{""MaxElapsedTimeSec"": -1}",,,game list index,499:36769,395,499:9305,30300039dc9
237006,596,Standard,delivery,[Extremely Hazardous] Deliver Samples of Antimatter Collected on the Beach,237,Mr. Impossible,PreppersShelter,233,Southern Environmental Observatory,PreppersShelter,,,l200_aus,,,S×4,Antimatter Sample (S); Antimatter Sample (S); Antimatter Sample (S); Antimatter Sample (S),BaggageDamage,5,25,49,"{""MaxBaggageDamagePercent"": -1}",,,game list index,499:36769,396,499:4007,30300039dce
237007,597,Standard,delivery,[Extremely Chilled] Deliver Original Ice Art Created at Near Absolute Zero (-270℃),237,Mr. Impossible,PreppersShelter,234,F7 North Distribution Center,DeliveryBase,,,l200_aus,,,L×5,Frozen Art (L); Frozen Art (L); Frozen Art (L); Frozen Art (L); Frozen Art (L),BaggageDamage,5,25,49,"{""MaxBaggageDamagePercent"": -1}",,,game list index,499:36769,397,499:7268,30300039dcf
237004,598,Standard,delivery,[Hazardous] Deliver Set of Handmade Multidimensional Board Games Concerning Humanity's Incompetence,237,Mr. Impossible,PreppersShelter,236,BPAS,PreppersShelter,,,l200_aus,,,S×3,Multidimensional Board Game (S); Multidimensional Board Game (S); Multidimensional Board Game (S),BaggageDamage,5,25,49,"{""MaxBaggageDamagePercent"": -1}",,,game list index,499:36769,398,499:4999,30300039dcc
237050,599,Standard,collect,Recover Misplaced Masterpieces of Pre-Stranding Australian Cinema,237,Mr. Impossible,PreppersShelter,237,Mr. Impossible,PreppersShelter,,,l200_aus,Near Mr. Impossible,nearest place to marker (358 m),M×4,Cinematic Masterpieces (M); Cinematic Masterpieces (M); Cinematic Masterpieces (M); Cinematic Masterpieces (M),BaggageDamage,5,25,49,"{""MaxBaggageDamagePercent"": -1}",,,game list index,499:36769,399,499:9021,30400039dfa
281,,Extra,sub,,217,Heartman's Lab,DeliveryBase,217,Heartman's Lab,DeliveryBase,,,l200_aus,,,,,,,,,,,,,499:31819,0,499:7837,20200000119
282,,Extra,sub,Dig the Healing Spring,217,Heartman's Lab,DeliveryBase,217,Heartman's Lab,DeliveryBase,,,l200_aus,,,,,FixedEvaluation,Rank_S,,,,43b5096a,,,499:31819,1,499:8804,2020000011a
283,,Extra,sub,Dig the Recharging Spring,217,Heartman's Lab,DeliveryBase,217,Heartman's Lab,DeliveryBase,,,l200_aus,,,,,FixedEvaluation,Rank_S,,,,177f6d81,,,499:31819,2,499:5987,2020000011b
284,,Extra,sub,Dig the Digestive Spring,217,Heartman's Lab,DeliveryBase,217,Heartman's Lab,DeliveryBase,,,l200_aus,,,,,FixedEvaluation,Rank_S,,,,50e5fa9e,,,499:31819,3,499:10988,2020000011c
285,,Extra,sub,Dig the Tar Spring,217,Heartman's Lab,DeliveryBase,217,Heartman's Lab,DeliveryBase,,,l200_aus,,,,,FixedEvaluation,Rank_S,,,,76441d76,,,499:31819,4,499:7395,2020000011d
286,,Extra,sub,Dig the Clairvoyant Spring,217,Heartman's Lab,DeliveryBase,217,Heartman's Lab,DeliveryBase,,,l200_aus,,,,,FixedEvaluation,Rank_S,,,,31de8a69,,,499:31819,5,499:6743,2020000011e
287,,Extra,sub,Dig the Chiral Spring,217,Heartman's Lab,DeliveryBase,217,Heartman's Lab,DeliveryBase,,,l200_aus,,,,,FixedEvaluation,Rank_S,,,,042f9e75,,,499:31819,6,499:5008,2020000011f
288,,Extra,sub,Dig the Metallic Spring,217,Heartman's Lab,DeliveryBase,217,Heartman's Lab,DeliveryBase,,,l200_aus,,,,,FixedEvaluation,Rank_S,,,,228e799d,,,499:31819,7,499:7931,20200000120
325,,Extra,sub,Free the Trapped Pizza Chef,218,The Pizza Chef,PreppersShelter,218,The Pizza Chef,PreppersShelter,The Pizza Chef,,l200_aus,,,,,FixedEvaluation,Rank_S,,,,,,,499:31819,8,499:7361,20200000145
505,,Extra,sub,,,,,,,,,,l200_aus,,,,,,,,,,,,,499:31819,9,499:6346,202000001f9
99910,,free,free,,,,,,,,,,Empty,,,,,,,,,,,,,,,499:6881,800018646
102505,,aid_request,aid_request,,102,Ciudad Nudo del Norte (C1),DeliveryBase,102,Ciudad Nudo del Norte (C1),DeliveryBase,,,l100_mex,,,,,,,,,,,,,,,499:7171,900019069
103505,,aid_request,aid_request,,103,Villa Libre,PreppersShelter,103,Villa Libre,PreppersShelter,,,l100_mex,,,,,,,,,,,,,,,499:8087,900019451
103510,,aid_request,aid_request,,103,Villa Libre,PreppersShelter,103,Villa Libre,PreppersShelter,,,l100_mex,,,,,,,,,,,,,,,499:3204,900019456
104500,,aid_request,aid_request,,104,C1 South Distribution Center,DeliveryBase,104,C1 South Distribution Center,DeliveryBase,,,l100_mex,,,,,,,,,,,,,,,499:6494,900019834
104510,,aid_request,aid_request,,104,C1 South Distribution Center,DeliveryBase,104,C1 South Distribution Center,DeliveryBase,,,l100_mex,,,,,,,,,,,,,,,499:9083,90001983e
105500,,aid_request,aid_request,,105,Former Geophysics Research Lab,DeliveryBase,105,Former Geophysics Research Lab,DeliveryBase,,,l100_mex,,,,,,,,,,,,,,,499:9499,900019c1c
107500,,aid_request,aid_request,,107,The Bokka,PreppersShelter,107,The Bokka,PreppersShelter,,,l100_mex,,,,,,,,,,,,,,,499:6730,90001a3ec
107510,,aid_request,aid_request,,107,The Bokka,PreppersShelter,107,The Bokka,PreppersShelter,,,l100_mex,,,,,,,,,,,,,,,499:4541,90001a3f6
108500,,aid_request,aid_request,,108,The Artist,PreppersShelter,108,The Artist,PreppersShelter,,,l100_mex,,,,,,,,,,,,,,,499:5246,90001a7d4
108510,,aid_request,aid_request,,108,The Artist,PreppersShelter,108,The Artist,PreppersShelter,,,l100_mex,,,,,,,,,,,,,,,499:6215,90001a7de
202500,,aid_request,aid_request,,202,The Government's Base,PreppersShelter,202,The Government's Base,PreppersShelter,,,l200_aus,,,,,,,,,,,,,,,499:10197,900031704
202501,,aid_request,aid_request,,202,The Government's Base,PreppersShelter,202,The Government's Base,PreppersShelter,,,l200_aus,,,,,,,,,,,,,,,499:10801,900031705
203500,,aid_request,aid_request,,203,Western Environmental Observatory,PreppersShelter,203,Western Environmental Observatory,PreppersShelter,,,l200_aus,,,,,,,,,,,,,,,499:3614,900031aec
203501,,aid_request,aid_request,,203,Western Environmental Observatory,PreppersShelter,203,Western Environmental Observatory,PreppersShelter,,,l200_aus,,,,,,,,,,,,,,,499:7417,900031aed
203510,,aid_request,aid_request,,203,Western Environmental Observatory,PreppersShelter,203,Western Environmental Observatory,PreppersShelter,,,l200_aus,,,,,,,,,,,,,,,499:9418,900031af6
204500,,aid_request,aid_request,,204,The Lone Commander,PreppersShelter,204,The Lone Commander,PreppersShelter,,,l200_aus,,,,,,,,,,,,,,,499:10804,900031ed4
204510,,aid_request,aid_request,,204,The Lone Commander,PreppersShelter,204,The Lone Commander,PreppersShelter,,,l200_aus,,,,,,,,,,,,,,,499:7174,900031ede
205510,,aid_request,aid_request,,205,The Musician,PreppersShelter,205,The Musician,PreppersShelter,,,l200_aus,,,,,,,,,,,,,,,499:7793,9000322c6
205520,,aid_request,aid_request,,205,The Musician,PreppersShelter,205,The Musician,PreppersShelter,,,l200_aus,,,,,,,,,,,,,,,499:8617,9000322d0
206500,,aid_request,aid_request,,206,West Fort Knot (F1),DeliveryBase,206,West Fort Knot (F1),DeliveryBase,,,l200_aus,,,,,,,,,,,,,,,499:3250,9000326a4
206510,,aid_request,aid_request,,206,West Fort Knot (F1),DeliveryBase,206,West Fort Knot (F1),DeliveryBase,,,l200_aus,,,,,,,,,,,,,,,499:3510,9000326ae
206520,,aid_request,aid_request,,206,West Fort Knot (F1),DeliveryBase,206,West Fort Knot (F1),DeliveryBase,,,l200_aus,,,,,,,,,,,,,,,499:8223,9000326b8
207500,,aid_request,aid_request,,207,The Inventor,PreppersShelter,207,The Inventor,PreppersShelter,,,l200_aus,,,,,,,,,,,,,,,499:8346,900032a8c
207510,,aid_request,aid_request,,207,The Inventor,PreppersShelter,207,The Inventor,PreppersShelter,,,l200_aus,,,,,,,,,,,,,,,499:6619,900032a96
208500,,aid_request,aid_request,,208,The Pioneer,PreppersShelter,208,The Pioneer,PreppersShelter,,,l200_aus,,,,,,,,,,,,,,,499:4165,900032e74
208510,,aid_request,aid_request,,208,The Pioneer,PreppersShelter,208,The Pioneer,PreppersShelter,,,l200_aus,,,,,,,,,,,,,,,499:10751,900032e7e
208520,,aid_request,aid_request,,208,The Pioneer,PreppersShelter,208,The Pioneer,PreppersShelter,,,l200_aus,,,,,,,,,,,,,,,499:10759,900032e88
209500,,aid_request,aid_request,,209,Rainbow Valley,PreppersShelter,209,Rainbow Valley,PreppersShelter,,,l200_aus,,,,,,,,,,,,,,,499:7762,90003325c
209510,,aid_request,aid_request,,209,Rainbow Valley,PreppersShelter,209,Rainbow Valley,PreppersShelter,,,l200_aus,,,,,,,,,,,,,,,499:3269,900033266
210500,,aid_request,aid_request,,210,Animal Shelter,PreppersShelter,210,Animal Shelter,PreppersShelter,,,l200_aus,,,,,,,,,,,,,,,499:3362,900033644
210505,,aid_request,aid_request,,210,Animal Shelter,PreppersShelter,210,Animal Shelter,PreppersShelter,,,l200_aus,,,,,,,,,,,,,,,499:6292,900033649
210510,,aid_request,aid_request,,210,Animal Shelter,PreppersShelter,210,Animal Shelter,PreppersShelter,,,l200_aus,,,,,,,,,,,,,,,499:5697,90003364e
212500,,aid_request,aid_request,,212,The Fisherman,PreppersShelter,212,The Fisherman,PreppersShelter,,,l200_aus,,,,,,,,,,,,,,,499:3142,900033e14
213500,,aid_request,aid_request,,213,Northern Environmental Observatory,PreppersShelter,213,Northern Environmental Observatory,PreppersShelter,,,l200_aus,,,,,,,,,,,,,,,499:3001,9000341fc
213501,,aid_request,aid_request,,213,Northern Environmental Observatory,PreppersShelter,213,Northern Environmental Observatory,PreppersShelter,,,l200_aus,,,,,,,,,,,,,,,499:3529,9000341fd
214500,,aid_request,aid_request,,214,The Architect,PreppersShelter,214,The Architect,PreppersShelter,,,l200_aus,,,,,,,,,,,,,,,499:4528,9000345e4
214510,,aid_request,aid_request,,214,The Architect,PreppersShelter,214,The Architect,PreppersShelter,,,l200_aus,,,,,,,,,,,,,,,499:4994,9000345ee
214520,,aid_request,aid_request,,214,The Architect,PreppersShelter,214,The Architect,PreppersShelter,,,l200_aus,,,,,,,,,,,,,,,499:8135,9000345f8
215500,,aid_request,aid_request,,215,F2 South Distribution Center,DeliveryBase,215,F2 South Distribution Center,DeliveryBase,,,l200_aus,,,,,,,,,,,,,,,499:9591,9000349cc
215501,,aid_request,aid_request,,215,F2 South Distribution Center,DeliveryBase,215,F2 South Distribution Center,DeliveryBase,,,l200_aus,,,,,,,,,,,,,,,499:3081,9000349cd
216500,,aid_request,aid_request,,216,The Dowser,PreppersShelter,216,The Dowser,PreppersShelter,,,l200_aus,,,,,,,,,,,,,,,499:3006,900034db4
216501,,aid_request,aid_request,,216,The Dowser,PreppersShelter,216,The Dowser,PreppersShelter,,,l200_aus,,,,,,,,,,,,,,,499:9346,900034db5
216510,,aid_request,aid_request,,216,The Dowser,PreppersShelter,216,The Dowser,PreppersShelter,,,l200_aus,,,,,,,,,,,,,,,499:8511,900034dbe
217500,,aid_request,aid_request,,217,Heartman's Lab,DeliveryBase,217,Heartman's Lab,DeliveryBase,,,l200_aus,,,,,,,,,,,,,,,499:7048,90003519c
217501,,aid_request,aid_request,,217,Heartman's Lab,DeliveryBase,217,Heartman's Lab,DeliveryBase,,,l200_aus,,,,,,,,,,,,,,,499:97988,90003519d
219500,,aid_request,aid_request,,219,The Motherhood,PreppersShelter,219,The Motherhood,PreppersShelter,,,l200_aus,,,,,,,,,,,,,,,499:3103,90003596c
219510,,aid_request,aid_request,,219,The Motherhood,PreppersShelter,219,The Motherhood,PreppersShelter,,,l200_aus,,,,,,,,,,,,,,,499:9953,900035976
220500,,aid_request,aid_request,,220,The Data Scientist,PreppersShelter,220,The Data Scientist,PreppersShelter,,,l200_aus,,,,,,,,,,,,,,,499:3841,900035d54
220510,,aid_request,aid_request,,220,The Data Scientist,PreppersShelter,220,The Data Scientist,PreppersShelter,,,l200_aus,,,,,,,,,,,,,,,499:7975,900035d5e
221500,,aid_request,aid_request,,221,The Mechanic,PreppersShelter,221,The Mechanic,PreppersShelter,,,l200_aus,,,,,,,,,,,,,,,499:3632,90003613c
221555,,aid_request,aid_request,,221,The Mechanic,PreppersShelter,221,The Mechanic,PreppersShelter,,,l200_aus,,,,,,,,,,,,,,,499:9150,900036173
222500,,aid_request,aid_request,,222,East Fort Knot (F4),DeliveryBase,222,East Fort Knot (F4),DeliveryBase,,,l200_aus,,,,,,,,,,,,,,,499:2969,900036524
222510,,aid_request,aid_request,,222,East Fort Knot (F4),DeliveryBase,222,East Fort Knot (F4),DeliveryBase,,,l200_aus,,,,,,,,,,,,,,,499:9761,90003652e
223500,,aid_request,aid_request,,223,The Chronobiologist,PreppersShelter,223,The Chronobiologist,PreppersShelter,,,l200_aus,,,,,,,,,,,,,,,499:3654,90003690c
223510,,aid_request,aid_request,,223,The Chronobiologist,PreppersShelter,223,The Chronobiologist,PreppersShelter,,,l200_aus,,,,,,,,,,,,,,,499:9162,900036916
225500,,aid_request,aid_request,,225,The Metagenomicist,PreppersShelter,225,The Metagenomicist,PreppersShelter,,,l200_aus,,,,,,,,,,,,,,,499:3037,9000370dc
225510,,aid_request,aid_request,,225,The Metagenomicist,PreppersShelter,225,The Metagenomicist,PreppersShelter,,,l200_aus,,,,,,,,,,,,,,,499:7232,9000370e6
225520,,aid_request,aid_request,,225,The Metagenomicist,PreppersShelter,225,The Metagenomicist,PreppersShelter,,,l200_aus,,,,,,,,,,,,,,,499:11076,9000370f0
226500,,aid_request,aid_request,,226,F5 East Distribution Center,DeliveryBase,226,F5 East Distribution Center,DeliveryBase,,,l200_aus,,,,,,,,,,,,,,,499:11067,9000374c4
226501,,aid_request,aid_request,,226,F5 East Distribution Center,DeliveryBase,226,F5 East Distribution Center,DeliveryBase,,,l200_aus,,,,,,,,,,,,,,,499:6108,9000374c5
227500,,aid_request,aid_request,,227,The Adventurer,PreppersShelter,227,The Adventurer,PreppersShelter,,,l200_aus,,,,,,,,,,,,,,,499:3078,9000378ac
228500,,aid_request,aid_request,,228,Eastern Environmental Observatory,PreppersShelter,228,Eastern Environmental Observatory,PreppersShelter,,,l200_aus,,,,,,,,,,,,,,,499:8759,900037c94
228510,,aid_request,aid_request,,228,Eastern Environmental Observatory,PreppersShelter,228,Eastern Environmental Observatory,PreppersShelter,,,l200_aus,,,,,,,,,,,,,,,499:9528,900037c9e
229500,,aid_request,aid_request,,229,The Phantom Smith,PreppersShelter,229,The Phantom Smith,PreppersShelter,,,l200_aus,,,,,,,,,,,,,,,499:6644,90003807c
229510,,aid_request,aid_request,,229,The Phantom Smith,PreppersShelter,229,The Phantom Smith,PreppersShelter,,,l200_aus,,,,,,,,,,,,,,,499:8066,900038086
230500,,aid_request,aid_request,,230,The Aeronautical Engineer,PreppersShelter,230,The Aeronautical Engineer,PreppersShelter,,,l200_aus,,,,,,,,,,,,,,,499:4909,900038464
230510,,aid_request,aid_request,,230,The Aeronautical Engineer,PreppersShelter,230,The Aeronautical Engineer,PreppersShelter,,,l200_aus,,,,,,,,,,,,,,,499:4484,90003846e
231500,,aid_request,aid_request,,231,South Fort Knot (F6),DeliveryBase,231,South Fort Knot (F6),DeliveryBase,,,l200_aus,,,,,,,,,,,,,,,499:4257,90003884c
231510,,aid_request,aid_request,,231,South Fort Knot (F6),DeliveryBase,231,South Fort Knot (F6),DeliveryBase,,,l200_aus,,,,,,,,,,,,,,,499:10692,900038856
232500,,aid_request,aid_request,,232,The Tar Therapist,PreppersShelter,232,The Tar Therapist,PreppersShelter,,,l200_aus,,,,,,,,,,,,,,,499:4748,900038c34
232510,,aid_request,aid_request,,232,The Tar Therapist,PreppersShelter,232,The Tar Therapist,PreppersShelter,,,l200_aus,,,,,,,,,,,,,,,499:5162,900038c3e
232520,,aid_request,aid_request,,232,The Tar Therapist,PreppersShelter,232,The Tar Therapist,PreppersShelter,,,l200_aus,,,,,,,,,,,,,,,499:6493,900038c48
233500,,aid_request,aid_request,,233,Southern Environmental Observatory,PreppersShelter,233,Southern Environmental Observatory,PreppersShelter,,,l200_aus,,,,,,,,,,,,,,,499:7060,90003901c
233510,,aid_request,aid_request,,233,Southern Environmental Observatory,PreppersShelter,233,Southern Environmental Observatory,PreppersShelter,,,l200_aus,,,,,,,,,,,,,,,499:9220,900039026
234500,,aid_request,aid_request,,234,F7 North Distribution Center,DeliveryBase,234,F7 North Distribution Center,DeliveryBase,,,l200_aus,,,,,,,,,,,,,,,499:8899,900039404
234510,,aid_request,aid_request,,234,F7 North Distribution Center,DeliveryBase,234,F7 North Distribution Center,DeliveryBase,,,l200_aus,,,,,,,,,,,,,,,499:10735,90003940e
235500,,aid_request,aid_request,,235,Terminal Fort Knot (F8),DeliveryBase,235,Terminal Fort Knot (F8),DeliveryBase,,,l200_aus,,,,,,,,,,,,,,,499:9175,9000397ec
235510,,aid_request,aid_request,,235,Terminal Fort Knot (F8),DeliveryBase,235,Terminal Fort Knot (F8),DeliveryBase,,,l200_aus,,,,,,,,,,,,,,,499:10009,9000397f6
236500,,aid_request,aid_request,,236,BPAS,PreppersShelter,236,BPAS,PreppersShelter,,,l200_aus,,,,,,,,,,,,,,,499:5821,900039bd4
236510,,aid_request,aid_request,,236,BPAS,PreppersShelter,236,BPAS,PreppersShelter,,,l200_aus,,,,,,,,,,,,,,,499:4697,900039bde
504500,,aid_request,aid_request,,,,,,,,Local Porters,,l200_aus,,,,,,,,,,,,,,,499:8954,90007b2b4
504510,,aid_request,aid_request,,,,,,,,Local Porters,,l200_aus,,,,,,,,,,,,,,,499:5588,90007b2be
504520,,aid_request,aid_request,,,,,,,,Local Porters,,l200_aus,,,,,,,,,,,,,,,499:8320,90007b2c8
504530,,aid_request,aid_request,,,,,,,,Local Porters,,l200_aus,,,,,,,,,,,,,,,499:9319,90007b2d2
504540,,aid_request,aid_request,,,,,,,,Local Porters,,l200_aus,,,,,,,,,,,,,,,499:5640,90007b2dc
504550,,aid_request,aid_request,,,,,,,,Local Porters,,l200_aus,,,,,,,,,,,,,,,499:7144,90007b2e6
504560,,aid_request,aid_request,,,,,,,,Local Porters,,l200_aus,,,,,,,,,,,,,,,499:9434,90007b2f0
504570,,aid_request,aid_request,,,,,,,,Local Porters,,l200_aus,,,,,,,,,,,,,,,499:5264,90007b2fa
4010201,,firing_range,firing_range,[Thrown Weapons] Destroy All Targets,,,,,,,APAC,,l800_fra,,,,,DSVRTrainingEvaluation,,,,,,,,,,499:3345,40c003d30d9
4010301,,firing_range,firing_range,[Firearms] Destroy All Targets,,,,,,,APAC,,l800_fra,,,,,DSVRTrainingEvaluation,,,,,,,,,,499:3437,40c003d313d
4020101,,firing_range,firing_range,[Close Combat] Neutralize All Bandits,,,,,,,APAC,,l800_fra,,,,,DSVRTrainingEvaluation,,,,,,,,,,499:2830,40c003d5785
4020501,,firing_range,firing_range,[Delivery] Safely Deliver Cargo Through Enemy Territory,,,,,,,APAC,,l800_fra,,,S×5,Training Cargo (S); Training Cargo (S); Training Cargo (S); Training Cargo (S); Training Cargo (S),DSVRTrainingEvaluation,,,,,,,,,,499:2754,40c003d5915
4030301,,firing_range,firing_range,[Combat] Defeat All the Brigands,,,,,,,APAC,,l800_fra,,,,,DSVRTrainingEvaluation,,,,,,,,,,499:3479,40c003d7f5d
4040401,,firing_range,firing_range,[Delivery] Recover and Deliver All Cargo III,,,,,,,APAC,,l800_fra,,,S×5,Training Cargo (S); Training Cargo (S); Training Cargo (S); Training Cargo (S); Training Cargo (S),DSVRTrainingEvaluation,,,,,,,,,,499:3071,40c003da6d1
4050301,,firing_range,firing_range,[Combat] Defeat All the Ghost Mechs,,,,,,,APAC,,l800_fra,,,,,DSVRTrainingEvaluation,,,,,,,,,,499:3235,40c003dcd7d
4060201,,firing_range,firing_range,[Combat] Use the Blood Boomerang to Defeat All Enemies,,,,,,,APAC,,l800_fra,,,,,DSVRTrainingEvaluation,,,,,,,,,,499:2974,40c003df429
4060501,,firing_range,firing_range,[Delivery] Recover and Deliver All Cargo II,,,,,,,APAC,,l800_fra,,,"L×3, M×1, S×2",Training Cargo (S); Training Cargo (L); Training Cargo (S); Training Cargo (L); Training Cargo (M); Training Cargo (L),DSVRTrainingEvaluation,,,,,,,,,,499:3016,40c003df555
4070401,,firing_range,firing_range,[Delivery] Recover and Deliver All Cargo I,,,,,,,APAC,,l800_fra,,,S×7,Training Cargo (S); Training Cargo (S); Training Cargo (S); Training Cargo (S); Training Cargo (S); Training Cargo (S); Training Cargo (S),DSVRTrainingEvaluation,,,,,,,,,,499:3172,40c003e1c01
4080101,,firing_range,firing_range,[Sparring] Defeat 10 Enemies with Your Bare Hands,,,,,,,APAC,,l800_fra,,,,,DSVRTrainingEvaluation,,,,,,,,,,499:3038,40c003e41e5
4080102,,firing_range,firing_range,[Sparring] Defeat 20 Enemies with Your Bare Hands,,,,,,,APAC,,l800_fra,,,,,DSVRTrainingEvaluation,,,,,,,,,,499:2891,40c003e41e6
4080103,,firing_range,firing_range,[Sparring] Defeat 30 Enemies with Your Bare Hands,,,,,,,APAC,,l800_fra,,,,,DSVRTrainingEvaluation,,,,,,,,,,499:3396,40c003e41e7
5010101,,firing_range,firing_range,Cargo Recovery,,,,,,,APAC,,l800_fra,,,M×5,Training Cargo (M); Training Cargo (M); Training Cargo (M); Training Cargo (M); Training Cargo (M),DSVRTrainingEvaluation,,,,,,,,,,499:9330,40c004c72b5
5020101,,firing_range,firing_range,Melee Combat,,,,,,,APAC,,l800_fra,,,,,DSVRTrainingEvaluation,,,,,,,,,,499:10798,40c004c99c5
5020102,,firing_range,firing_range,Covert Action II,,,,,,,APAC,,l800_fra,,,,,DSVRTrainingEvaluation,,,,,,,,,,499:6986,40c004c99c6
5020103,,firing_range,firing_range,Covert Action I,,,,,,,APAC,,l800_fra,,,,,DSVRTrainingEvaluation,,,,,,,,,,499:4376,40c004c99c7
5020201,,firing_range,firing_range,Thrown Weapons,,,,,,,APAC,,l800_fra,,,,,DSVRTrainingEvaluation,,,,,,,,,,499:10520,40c004c9a29
5020301,,firing_range,firing_range,Firearms,,,,,,,APAC,,l800_fra,,,,,DSVRTrainingEvaluation,,,,,,,,,,499:5702,40c004c9a8d
5020401,,firing_range,firing_range,[Pizza-Do Acrobatic Karate] Master the Great Spinning Pizza Strike,,,,,,,APAC,,l800_fra,,,,,DSVRTrainingEvaluation,,,,,,,,,,499:6661,40c004c9af1
5020402,,firing_range,firing_range,[Pizza-Do Acrobatic Karate] Master the Pizza Whirlwind Kick,,,,,,,APAC,,l800_fra,,,,,DSVRTrainingEvaluation,,,,,,,,,,499:8535,40c004c9af2
5020403,,firing_range,firing_range,[Pizza-Do Acrobatic Karate] Master the Great Spinning Pizza Slam,,,,,,,APAC,,l800_fra,,,,,DSVRTrainingEvaluation,,,,,,,,,,499:9852,40c004c9af3
6010101,,firing_range,firing_range,Conflagration,,,,,,,APAC,,l400_nr1,,,,,DSVRTrainingEvaluation,,,,,,,,,,499:8259,40c005bb4f5
6010201,,firing_range,firing_range,Deluge,,,,,,,APAC,,l500_nr2,,,,,DSVRTrainingEvaluation,,,,,,,,,,499:10532,40c005bb559
6010301,,firing_range,firing_range,Quake,,,,,,,APAC,,l600_nr3,,,,,DSVRTrainingEvaluation,,,,,,,,,,499:4771,40c005bb5bd
