key,name,name_game,ui_tab,usage,unlock_reason,connection_level,terminal_id,terminal,mission_ids,reward_type,reward_detail,unlock_before_ending,sort_index,object,orders
65d8dacb,,,Equipment,None,Normal,,-1,,,,,True,0,1178:4917,
09c6799f,Chiral Crystals,Chiral Crystals,RawMaterial,All,Normal,,-1,,,,,False,1,1178:2119,
10342576,Normal,Normal,CostumeSuit,CostumeCustomize,Normal,,-1,,,,,True,100,1178:2411,
2bf80b63,"""Why Me?"" Hat","""Why Me?"" Hat",CostumeCap,CostumeCustomize,MissionClear,,102,Ciudad Nudo del Norte (C1),10,,,True,100,1178:2398,No.1
39bfa0c5,,,CostumeHairColor,None,Normal,,102,Ciudad Nudo del Norte (C1),0,,,True,100,1178:3730,0
52745367,DHV Magellan: Normal,DHV Magellan: Normal,Magellan,None,Normal,,-1,,,,,True,100,1181:53,
7a1ae505,Normal,Normal,BBPod,CostumeCustomize,Unique,,219,The Motherhood,,,,True,100,1178:1838,
4bd423c6,,,CostumeHairColor,None,Normal,,102,Ciudad Nudo del Norte (C1),0,,,True,110,1178:8678,0
528638e4,Woodland,Woodland,Magellan,None,Normal,,-1,,,,,True,110,1181:96,
59938860,Drawbridge Hat,Drawbridge Hat,CostumeCap,CostumeCustomize,Normal,,-1,,,,,True,110,1178:2337,
69b87d72,Dollman's Outfit,Dollman's Outfit,Dollman,CostumeCustomize,Unique,,-1,,,,,True,110,1178:928,
710f5581,Black Camo,Black Camo,CostumeSuit,CostumeCustomize,MissionClear,,-1,,10,,,True,110,1178:2639,No.1
0364d682,Desert Yellow,Desert Yellow,CostumeSuit,CostumeCustomize,Normal,,-1,,,,,True,120,1178:1930,
064c5c0f,Desert,Desert,Magellan,None,Normal,,-1,,,,,True,120,1181:134,
1fedc879,KJP Cap,KJP Cap,CostumeCap,CostumeCustomize,Unique,,-1,,,,,True,120,1178:2789,
2a1cdc65,ROG Cap,ROG Cap,CostumeCap,CostumeCustomize,Unique,,-1,,,,,False,121,1178:2867,
3695c29e,Squares,Squares,CostumeSuit,CostumeCustomize,Normal,,213,Northern Environmental Observatory,,,,False,130,1178:1742,
7427df0c,Navy,Navy,Magellan,None,Normal,,-1,,,,,True,130,1181:129,
7fc0040b,Knitted Cap,Knitted Cap,CostumeCap,CostumeCustomize,Unique,,-1,,,,,False,130,1178:2171,
385a9314,Pizza Chef's Hat,Pizza Chef's Hat,CostumeCap,CostumeCustomize,Unique,,-1,,,,,False,140,1178:2249,
41d6cb10,Splittertarn: Urban,Splittertarn: Urban,Magellan,None,Normal,,-1,,,,,True,140,1181:136,
6886feba,Desert Green,Desert Green,CostumeSuit,CostumeCustomize,FriendShipUILevel2,2,216,The Dowser,,,,False,140,1178:962,
25c5316a,AI Camo,AI Camo,CostumeSuit,CostumeCustomize,Normal,,220,The Data Scientist,,,,True,150,1178:1525,
2b0a60e0,Nousagi Hat,Nousagi Hat,CostumeCap,CostumeCustomize,Unique,,-1,,,,,False,150,1178:2393,
33bd4813,Splittertarn: Multi,Splittertarn: Multi,Magellan,None,Normal,,-1,,,,,True,150,1181:106,
1aed7db9,Desert Red,Desert Red,CostumeSuit,CostumeCustomize,FriendShipUILevel4,4,208,The Pioneer,,,,False,160,1178:1452,
20edbbe7,Splittertarn: Night,Splittertarn: Night,Magellan,None,Normal,,-1,,,,,True,160,1181:113,
5961e3e3,Chiral Rodent Hat,Chiral Rodent Hat,CostumeCap,CostumeCustomize,Unique,,-1,,,,,False,160,1178:1740,
4a311017,Chiral Spider Hat,Chiral Spider Hat,CostumeCap,CostumeCustomize,Unique,,-1,,,,,False,170,1178:2536,
57aeb269,Snow,Snow,CostumeSuit,CostumeCustomize,FriendShipUILevel2,2,222,East Fort Knot (F4),,,,False,170,1178:1521,
67772cf8,Dazzling Zebra,Dazzling Zebra,Magellan,None,Normal,,-1,,,,,True,170,1181:112,
151caffb,Dazzling Tiger,Dazzling Tiger,Magellan,None,Normal,,-1,,,,,True,180,1181:135,
44fe419d,Woodland,Woodland,CostumeSuit,CostumeCustomize,Normal,,224,The Ghost Hunter,,,,False,180,1178:1783,
4ac37b94,Santa Hat,Santa Hat,CostumeCap,CostumeCustomize,Unique,,229,The Phantom Smith,,,,False,180,1178:919,
0396bd01,Junji Ito,Junji Ito,CostumeSuit,CostumeCustomize,Normal,,226,F5 East Distribution Center,,,,True,190,1178:1077,
1e091f7f,Otter Hood,Otter Hood,CostumeHood,CostumeCustomize,Unique,,207,The Inventor,,,,False,190,1178:2493,
4b0f93df,Dazzling Scorpion,Dazzling Scorpion,Magellan,None,Normal,,-1,,,,,True,190,1181:142,
58775f66,Neil's Bandana,Neil's Bandana,CostumeCap,CostumeCustomize,Unique,,-1,,,,,False,190,1179:1302,
71fd3e02,Rescue,Rescue,CostumeSuit,CostumeCustomize,FriendShipUILevel4,4,227,The Adventurer,,,,False,195,1178:2112,
06646342,Blue Bandana,Blue Bandana,CostumeCap,CostumeCustomize,Unique,,-1,,,,,False,200,1179:1554,
0d59ec8b,Camel Hood,Camel Hood,CostumeHood,CostumeCustomize,Unique,,-1,,,,,False,200,1178:1015,
396410dc,Junji Ito,Junji Ito,Magellan,None,Normal,,-1,,,,,True,200,1181:130,
625fa675,Pizza Chef's Suit,Pizza Chef's Suit,CostumeSuit,CostumeCustomize,FriendShipUILevel5,5,218,The Pizza Chef,,,,False,200,1178:1630,
201fd064,Republic of Gamers,Republic of Gamers,Magellan,None,Unique,,-1,,,,,False,210,1181:131,
38a8f897,"""Ludens Mask"" Sunglasses","""Ludens Mask"" Sunglasses",CostumeSunGlasses,CostumeCustomize,MissionClear,,102,Ciudad Nudo del Norte (C1),10,,,True,210,1178:2179,No.1
62adcdf6,ROG,ROG,CostumeSuit,CostumeCustomize,Unique,,-1,,,,,False,210,1178:2437,
740fe041,Red Bandana,Red Bandana,CostumeCap,CostumeCustomize,Unique,,-1,,,,,False,210,1179:1254,
10c64ef5,Link,Link,CostumeSuit,CostumeCustomize,Normal,,-1,,,,,False,220,1178:708,
1f1fa3fa,Success Headband,Success Headband,CostumeCap,CostumeCustomize,Unique,,-1,,,,,False,220,1179:1233,
334f2390,Día de Muertos,Día de Muertos,Magellan,None,Unique,,-1,,,,,False,220,1182:50,
6c629c7c,"""Sam"" Sunglasses","""Sam"" Sunglasses",CostumeSunGlasses,CostumeCustomize,MissionClear,,102,Ciudad Nudo del Norte (C1),10,,,True,220,1178:773,No.1
212153ac,Goggles,Goggles,CostumeSunGlasses,CostumeCustomize,Unique,,230,The Aeronautical Engineer,,,,False,230,1178:352,
440c2a1e,Día de Muertos,Día de Muertos,CostumeSuit,CostumeCustomize,Unique,,-1,,100,,,False,230,1179:907,No.10
0dab8708,Heartman's Glasses (Regular),Heartman's Glasses (Regular),CostumeSunGlasses,CostumeCustomize,Normal,,-1,,,,,True,240,1178:6628,
3283cbdb,Heartman's Glasses (Shutter),Heartman's Glasses (Shutter),CostumeSunGlasses,CostumeCustomize,Normal,,-1,,,,,True,250,1178:7912,
1efb74fc,Heartman's Heart-Shaped Glasses,Heartman's Heart-Shaped Glasses,CostumeSunGlasses,CostumeCustomize,Normal,,-1,,,,,True,260,1178:9392,
6c90f7ff,Heartman's Star-Shaped Glasses,Heartman's Star-Shaped Glasses,CostumeSunGlasses,CostumeCustomize,Normal,,-1,,,,,False,270,1178:7558,
40e848d8,Deadman's Glasses,Deadman's Glasses,CostumeSunGlasses,CostumeCustomize,Normal,,-1,,,,,True,280,1178:5949,
0cbd3b8d,PINO-01,PINO-01,CostumeSunGlasses,CostumeCustomize,Unique,,-1,,160,,,True,290,1179:1543,No.13
7ed6b88e,TTL-02,TTL-02,CostumeSunGlasses,CostumeCustomize,Unique,,-1,,340,,,True,300,1179:1306,No.30
6d864b7a,Yōtei Mask,Yōtei Mask,CostumeMask,CostumeCustomize,Unique,,-1,,,,,False,310,1179:1190,
534ad0af,Red Mask,Red Mask,CostumeMask,CostumeCustomize,GameClear,,-1,,,,,True,320,1178:3098,
7f326f88,Golden Mask,Golden Mask,CostumeMask,CostumeCustomize,GameClear,,-1,,,,,True,330,1178:8130,
31de8a69,Ludens Ducks,Ludens Ducks,Equipment,None,MissionClear,,-1,,286,Onsen,,False,10000,1178:8557,id286
744674c6,Nendoroid Jumbo Ludens,Nendoroid Jumbo Ludens,Equipment,None,Normal,,-1,,,Holo,Nendoroid Jumbo Ludens / Greeting,True,10000,1178:3485,
43b5096a,Apples,Apples,Equipment,None,MissionClear,,-1,,282,Onsen,,False,10010,1178:8600,id282
50e5fa9e,Tangerines,Tangerines,Equipment,None,MissionClear,,-1,,284,Onsen,,False,10020,1178:5100,id284
228e799d,Yuzu,Yuzu,Equipment,None,MissionClear,,-1,,288,Onsen,,False,10030,1178:7588,id288
76441d76,Sweet Flag Leaves,Sweet Flag Leaves,Equipment,None,MissionClear,,-1,,285,Onsen,,False,10040,1178:7341,id285
042f9e75,Chiral Tea,Chiral Tea,Equipment,None,MissionClear,,-1,,287,Onsen,,False,10050,1178:8775,id287
177f6d81,Eucalyptus Leaves,Eucalyptus Leaves,Equipment,None,MissionClear,,-1,,283,Onsen,,False,10060,1178:10470,id283
062df7c5,Ludens Duck,Ludens Duck,Equipment,None,Normal,,-1,,,Holo,Ludens Duck / Ludens Duck: Yellow,True,10100,1178:9692,
157d0431,Ludens Duck,Ludens Duck,Equipment,None,FriendShipUILevel4,4,226,F5 East Distribution Center,,Holo,Ludens Duck / Ludens Duck: White,False,10101,1179:1714,
4b6e3815,Ludens Duck,Ludens Duck,Equipment,None,FriendShipUILevel4,4,226,F5 East Distribution Center,,Holo,Ludens Duck / Ludens Duck: Reddish Brown,False,10102,1179:1599,
3905bb16,Ludens Duck,Ludens Duck,Equipment,None,FriendShipUILevel4,4,226,F5 East Distribution Center,,Holo,Ludens Duck / Ludens Duck: Brown,False,10103,1179:1738,
67168732,Ludens Duck,Ludens Duck,Equipment,None,FriendShipUILevel4,4,226,F5 East Distribution Center,,Holo,Ludens Duck / Ludens Duck: Dark Blue,False,10104,1179:1551,
5215f8ad,Ludens Duck,Ludens Duck,Equipment,None,FriendShipUILevel4,4,226,F5 East Distribution Center,,Holo,Ludens Duck / Ludens Duck: Red,False,10105,1179:1759,
207e7bae,Ludens Duck,Ludens Duck,Equipment,None,FriendShipUILevel4,4,226,F5 East Distribution Center,,Holo,Ludens Duck / Ludens Duck: Green,False,10106,1179:1352,
41450b59,Ludens Duck,Ludens Duck,Equipment,None,FriendShipUILevel4,4,226,F5 East Distribution Center,,Holo,Ludens Duck / Ludens Duck: Blue,False,10107,1179:1625,
208c102d,Tomorrow,Tomorrow,Equipment,None,Unique,,-1,,500,,,True,10110,1178:4644,No.42
4acac938,Tomorrow,Tomorrow,Equipment,None,GameClear,,-1,,500,Holo,Tomorrow / Like!,True,10111,1178:5248,No.42
599a3acc,Tomorrow,Tomorrow,Equipment,None,Unique,,-1,,500,Holo,Tomorrow / Greeting,True,10112,1179:1250,No.42
3acc151a,Rainy,Rainy,Equipment,None,Unique,,211,Rainy's Shelter,,,,False,10120,2851:10,
45189ca2,Rainy,Rainy,Equipment,None,Unique,,211,Rainy's Shelter,,Holo,Rainy / Dance,False,10121,1178:6777,
56486f56,Rainy,Rainy,Equipment,None,Unique,,211,Rainy's Shelter,,Holo,Rainy / Make it Rain,False,10122,1178:5569,
52e7932e,Fragile,Fragile,Equipment,None,GameClear,,-1,,500,,,True,10130,1178:7557,No.42
6f8b5b46,Fragile,Fragile,Equipment,None,GameClear,,-1,,500,Holo,Fragile / Like!,True,10131,1178:4570,No.42
7cdba8b2,Fragile,Fragile,Equipment,None,GameClear,,-1,,500,Holo,Fragile / Everyone's Waiting,True,10132,1178:10696,No.42
41b760da,Tarman,Tarman,Equipment,None,Unique,,-1,,500,,,False,10140,1179:1623,No.42
05a59b35,Tarman,Tarman,Equipment,None,MissionClear,,-1,,500,Holo,Tarman / Praise,False,10141,1178:3930,No.42
16f568c1,Tarman,Tarman,Equipment,None,MissionClear,,-1,,500,Holo,Tarman / Like!,False,10142,1178:5962,No.42
7da4e986,Heartman,Heartman,Equipment,None,FriendShipUILevel5,5,217,Heartman's Lab,,,,False,10150,1178:9235,
6cad5273,Heartman,Heartman,Equipment,None,FriendShipUILevel5,5,217,Heartman's Lab,,Holo,Heartman / Revival,False,10151,1179:1605,
7ffda187,Heartman,Heartman,Equipment,None,FriendShipUILevel5,5,217,Heartman's Lab,,Holo,Heartman / Nice!,False,10152,1179:1680,
0e2bbd83,Deadman,Deadman,Equipment,None,FriendShipUILevel5,5,105,Former Geophysics Research Lab,,,,False,10160,1178:6330,
273a159b,Deadman,Deadman,Equipment,None,FriendShipUILevel5,5,105,Former Geophysics Research Lab,,Holo,Deadman / Like!,False,10161,1179:1380,
346ae66f,Deadman,Deadman,Equipment,None,FriendShipUILevel5,5,105,Former Geophysics Research Lab,,Holo,Deadman / Praise,False,10162,1179:1529,
53f12fab,Die-Hardman,Die-Hardman,Equipment,None,Normal,,237,Mr. Impossible,,Holo,Die-Hardman / Praise,False,10170,1179:1523,
219aaca8,Die-Hardman,Die-Hardman,Equipment,None,FriendShipUILevel2,2,237,Mr. Impossible,,,,False,10180,1179:1398,
13777665,Die-Hardman,Die-Hardman,Equipment,None,FriendShipUILevel2,2,237,Mr. Impossible,,Holo,Die-Hardman / Dance,False,10181,1179:1311,
00278591,Die-Hardman,Die-Hardman,Equipment,None,FriendShipUILevel2,2,237,Mr. Impossible,,Holo,Die-Hardman / Bust a Move,False,10182,1179:1347,
0de2138f,Red Samurai,Red Samurai,Equipment,None,FriendShipUILevel3,3,237,Mr. Impossible,,,,False,10190,1179:1322,
7a97beb7,Red Samurai,Red Samurai,Equipment,None,FriendShipUILevel3,3,237,Mr. Impossible,,Holo,Red Samurai / Clean Sweep,False,10191,1179:1404,
69c74d43,Red Samurai,Red Samurai,Equipment,None,FriendShipUILevel3,3,237,Mr. Impossible,,Holo,Red Samurai / Showdown,False,10192,1179:1267,
7f89908c,Higgs,Higgs,Equipment,None,FriendShipUILevel4,4,237,Mr. Impossible,,,,False,10200,1179:1573,
5fd62cc9,Higgs,Higgs,Equipment,None,FriendShipUILevel4,4,237,Mr. Impossible,,Holo,Higgs / Guitar Jamming,False,10201,1179:1785,
4c86df3d,Higgs,Higgs,Equipment,None,FriendShipUILevel4,4,237,Mr. Impossible,,Holo,Higgs / Like!,False,10202,1179:1249,
49b12a9c,Norberto Puente,Norberto Puente,Equipment,None,FriendShipUILevel5,5,102,Ciudad Nudo del Norte (C1),,,,False,10210,1178:7515,
39e4b181,Norberto Puente,Norberto Puente,Equipment,None,FriendShipUILevel5,5,102,Ciudad Nudo del Norte (C1),,Holo,Norberto Puente / Welcome,False,10211,1178:7212,
2ab44275,Norberto Puente,Norberto Puente,Equipment,None,FriendShipUILevel5,5,102,Ciudad Nudo del Norte (C1),,Holo,Norberto Puente / Encouragement,False,10212,1178:3082,
58dfc176,Norberto Puente,Norberto Puente,Equipment,None,FriendShipUILevel5,5,102,Ciudad Nudo del Norte (C1),,Holo,Norberto Puente / Farewell,False,10213,1178:11268,
3bdaa99f,La Madre,La Madre,Equipment,None,FriendShipUILevel5,5,103,Villa Libre,,,,False,10220,1178:7509,
1ca523ff,La Madre,La Madre,Equipment,None,FriendShipUILevel5,5,103,Villa Libre,,Holo,La Madre / Welcome,False,10221,1178:8638,
0ff5d00b,La Madre,La Madre,Equipment,None,FriendShipUILevel5,5,103,Villa Libre,,Holo,La Madre / Encouragement,False,10222,1178:10239,
7d9e5308,La Madre,La Madre,Equipment,None,FriendShipUILevel5,5,103,Villa Libre,,Holo,La Madre / Farewell,False,10223,1178:4415,
288a5a6b,Benjamin Rivera,Benjamin Rivera,Equipment,None,FriendShipUILevel5,5,104,C1 South Distribution Center,,,,False,10230,1178:4055,
768be38c,Benjamin Rivera,Benjamin Rivera,Equipment,None,FriendShipUILevel5,5,104,C1 South Distribution Center,,Holo,Benjamin Rivera / Welcome,False,10231,1178:9578,
65db1078,Benjamin Rivera,Benjamin Rivera,Equipment,None,FriendShipUILevel5,5,104,C1 South Distribution Center,,Holo,Benjamin Rivera / Encouragement,False,10232,1178:7708,
17b0937b,Benjamin Rivera,Benjamin Rivera,Equipment,None,FriendShipUILevel5,5,104,C1 South Distribution Center,,Holo,Benjamin Rivera / Farewell,False,10233,1178:3069,
5ae1d968,Alex Weatherstone,Alex Weatherstone,Equipment,None,FriendShipUILevel5,5,105,Former Geophysics Research Lab,,,,False,10240,1178:9886,
53ca71f2,Alex Weatherstone,Alex Weatherstone,Equipment,None,FriendShipUILevel5,5,105,Former Geophysics Research Lab,,Holo,Alex Weatherstone / Welcome,False,10241,1178:11354,
409a8206,Alex Weatherstone,Alex Weatherstone,Equipment,None,FriendShipUILevel5,5,105,Former Geophysics Research Lab,,Holo,Alex Weatherstone / Encouragement,False,10242,1178:8175,
32f10105,Alex Weatherstone,Alex Weatherstone,Equipment,None,FriendShipUILevel5,5,105,Former Geophysics Research Lab,,Holo,Alex Weatherstone / Farewell,False,10243,1178:3497,
7c403e80,The Bokka,The Bokka,Equipment,None,FriendShipUILevel5,5,107,The Bokka,,,,False,10250,1178:3188,
027b87e5,The Bokka,The Bokka,Equipment,None,FriendShipUILevel5,5,107,The Bokka,,Holo,The Bokka / Welcome,False,10251,1178:7121,
112b7411,The Bokka,The Bokka,Equipment,None,FriendShipUILevel5,5,107,The Bokka,,Holo,The Bokka / Encouragement,False,10252,1178:10389,
6340f712,The Bokka,The Bokka,Equipment,None,FriendShipUILevel5,5,107,The Bokka,,Holo,The Bokka / Farewell,False,10253,1178:7658,
6f10cd74,Lauren Tsai,Lauren Tsai,Equipment,None,FriendShipUILevel5,5,108,The Artist,,,,False,10260,1178:6137,
68554796,Lauren Tsai,Lauren Tsai,Equipment,None,FriendShipUILevel5,5,108,The Artist,,Holo,Lauren Tsai / Welcome,False,10261,1178:9740,
7b05b462,Lauren Tsai,Lauren Tsai,Equipment,None,FriendShipUILevel5,5,108,The Artist,,Holo,Lauren Tsai / Encouragement,False,10262,1178:3470,
096e3761,Lauren Tsai,Lauren Tsai,Equipment,None,FriendShipUILevel5,5,108,The Artist,,Holo,Lauren Tsai / Farewell,False,10263,1178:9002,
1d7b4e77,Old Oz,Old Oz,Equipment,None,FriendShipUILevel5,5,202,The Government's Base,,,,False,10270,1178:9569,
4d14d5e8,Old Oz,Old Oz,Equipment,None,FriendShipUILevel5,5,202,The Government's Base,,Holo,Old Oz / Welcome,False,10271,1178:9443,
5e44261c,Old Oz,Old Oz,Equipment,None,FriendShipUILevel5,5,202,The Government's Base,,Holo,Old Oz / Encouragement,False,10272,1178:10331,
2c2fa51f,Old Oz,Old Oz,Equipment,None,FriendShipUILevel5,5,202,The Government's Base,,Holo,Old Oz / Farewell,False,10273,1178:6668,
43687253,Peter Gates,Peter Gates,Equipment,None,FriendShipUILevel5,5,203,Western Environmental Observatory,,,,False,10280,1178:8181,
01b58f44,Peter Gates,Peter Gates,Equipment,None,FriendShipUILevel5,5,203,Western Environmental Observatory,,Holo,Peter Gates / Welcome,False,10281,1178:3923,
12e57cb0,Peter Gates,Peter Gates,Equipment,None,FriendShipUILevel5,5,203,Western Environmental Observatory,,Holo,Peter Gates / Encouragement,False,10282,1178:6407,
608effb3,Peter Gates,Peter Gates,Equipment,None,FriendShipUILevel5,5,203,Western Environmental Observatory,,Holo,Peter Gates / Farewell,False,10283,1178:4376,
3103f150,The Lone Commander,The Lone Commander,Equipment,None,FriendShipUILevel5,5,204,The Lone Commander,,,,False,10290,1178:6960,
24f41d3a,The Lone Commander,The Lone Commander,Equipment,None,FriendShipUILevel5,5,204,The Lone Commander,,Holo,The Lone Commander / Welcome,False,10291,1178:9153,
37a4eece,The Lone Commander,The Lone Commander,Equipment,None,FriendShipUILevel5,5,204,The Lone Commander,,Holo,The Lone Commander / Encouragement,False,10292,1178:5126,
45cf6dcd,The Lone Commander,The Lone Commander,Equipment,None,FriendShipUILevel5,5,204,The Lone Commander,,Holo,The Lone Commander / Farewell,False,10293,1178:3641,
7d568205,Gen Hoshino,Gen Hoshino,Equipment,None,FriendShipUILevel5,5,205,The Musician,,,,False,10300,1178:7796,
5bc638b8,Gen Hoshino,Gen Hoshino,Equipment,None,FriendShipUILevel5,5,205,The Musician,,Holo,Gen Hoshino / Welcome,False,10301,1178:5157,
4896cb4c,Gen Hoshino,Gen Hoshino,Equipment,None,FriendShipUILevel5,5,205,The Musician,,Holo,Gen Hoshino / Encouragement,False,10302,1178:10210,
3afd484f,Gen Hoshino,Gen Hoshino,Equipment,None,FriendShipUILevel5,5,205,The Musician,,Holo,Gen Hoshino / Farewell,False,10303,1178:4111,
0f3d0106,Olivia Westbury,Olivia Westbury,Equipment,None,FriendShipUILevel5,5,206,West Fort Knot (F1),,,,False,10310,1178:10001,
7e87aac6,Olivia Westbury,Olivia Westbury,Equipment,None,FriendShipUILevel5,5,206,West Fort Knot (F1),,Holo,Olivia Westbury / Welcome,False,10311,1178:10599,
6dd75932,Olivia Westbury,Olivia Westbury,Equipment,None,FriendShipUILevel5,5,206,West Fort Knot (F1),,Holo,Olivia Westbury / Encouragement,False,10312,1178:4451,
1fbcda31,Olivia Westbury,Olivia Westbury,Equipment,None,FriendShipUILevel5,5,206,West Fort Knot (F1),,Holo,Olivia Westbury / Farewell,False,10313,1178:9148,
1c6df2f2,Glenn Rain,Glenn Rain,Equipment,None,FriendShipUILevel5,5,209,Rainbow Valley,,,,False,10320,1178:3409,
14a96ab5,Glenn Rain,Glenn Rain,Equipment,None,FriendShipUILevel5,5,209,Rainbow Valley,,Holo,Glenn Rain / Welcome,False,10321,1178:4817,
07f99941,Glenn Rain,Glenn Rain,Equipment,None,FriendShipUILevel5,5,209,Rainbow Valley,,Holo,Glenn Rain / Encouragement,False,10322,1178:6672,
75921a42,Glenn Rain,Glenn Rain,Equipment,None,FriendShipUILevel5,5,209,Rainbow Valley,,Holo,Glenn Rain / Farewell,False,10323,1178:3882,
6e0671f1,Rainbow Lorikeet,Rainbow Lorikeet,Equipment,None,Unique,,211,Rainy's Shelter,,Holo,Rainbow Lorikeet / Relaxed,False,10330,2851:8,
48a79619,Animal Shelter Staff,Animal Shelter Staff,Equipment,None,FriendShipUILevel5,5,210,Animal Shelter,,,,False,10340,1178:10649,
60590edc,Animal Shelter Staff,Animal Shelter Staff,Equipment,None,FriendShipUILevel5,5,210,Animal Shelter,,Holo,Animal Shelter Staff / Welcome,False,10341,1178:3834,
7309fd28,Animal Shelter Staff,Animal Shelter Staff,Equipment,None,FriendShipUILevel5,5,210,Animal Shelter,,Holo,Animal Shelter Staff / Encouragement,False,10342,1178:8112,
01627e2b,Animal Shelter Staff,Animal Shelter Staff,Equipment,None,FriendShipUILevel5,5,210,Animal Shelter,,Holo,Animal Shelter Staff / Farewell,False,10343,1178:10047,
299ce6ee,Mike Northcote,Mike Northcote,Equipment,None,FriendShipUILevel5,5,213,Northern Environmental Observatory,,,,False,10350,1178:4148,
2f365cd1,Mike Northcote,Mike Northcote,Equipment,None,FriendShipUILevel5,5,213,Northern Environmental Observatory,,Holo,Mike Northcote / Welcome,False,10351,1178:3750,
3c66af25,Mike Northcote,Mike Northcote,Equipment,None,FriendShipUILevel5,5,213,Northern Environmental Observatory,,Holo,Mike Northcote / Encouragement,False,10352,1178:10952,
4e0d2c26,Mike Northcote,Mike Northcote,Equipment,None,FriendShipUILevel5,5,213,Northern Environmental Observatory,,Holo,Mike Northcote / Farewell,False,10353,1178:4701,
778fdaca,Samson Hook,Samson Hook,Equipment,None,FriendShipUILevel5,5,215,F2 South Distribution Center,,,,False,10360,1178:9167,
6397067d,Samson Hook,Samson Hook,Equipment,None,FriendShipUILevel5,5,215,F2 South Distribution Center,,Holo,Samson Hook / Welcome,False,10361,1178:5943,
70c7f589,Samson Hook,Samson Hook,Equipment,None,FriendShipUILevel5,5,215,F2 South Distribution Center,,Holo,Samson Hook / Encouragement,False,10362,1178:8972,
02ac768a,Samson Hook,Samson Hook,Equipment,None,FriendShipUILevel5,5,215,F2 South Distribution Center,,Holo,Samson Hook / Farewell,False,10363,1178:4296,
56661261,Samson Hook,Samson Hook,Equipment,None,FriendShipUILevel5,5,215,F2 South Distribution Center,,Holo,Samson Hook / Shadow Boxing,False,10364,1178:9034,
05e459c9,The Inventor,The Inventor,Equipment,None,FriendShipUILevel5,5,207,The Inventor,,,,False,10370,1178:9074,
46d69403,The Inventor,The Inventor,Equipment,None,FriendShipUILevel5,5,207,The Inventor,,Holo,The Inventor / Welcome,False,10371,1178:4447,
558667f7,The Inventor,The Inventor,Equipment,None,FriendShipUILevel5,5,207,The Inventor,,Holo,The Inventor / Encouragement,False,10372,1178:10532,
27ede4f4,The Inventor,The Inventor,Equipment,None,FriendShipUILevel5,5,207,The Inventor,,Holo,The Inventor / Farewell,False,10373,1178:10231,
6ef41a72,The Dowser,The Dowser,Equipment,None,FriendShipUILevel5,5,216,The Dowser,,,,False,10380,1178:5457,
06839200,The Dowser,The Dowser,Equipment,None,FriendShipUILevel5,5,216,The Dowser,,Holo,The Dowser / Welcome,False,10381,1178:3135,
15d361f4,The Dowser,The Dowser,Equipment,None,FriendShipUILevel5,5,216,The Dowser,,Holo,The Dowser / Encouragement,False,10382,1178:3639,
67b8e2f7,The Dowser,The Dowser,Equipment,None,FriendShipUILevel5,5,216,The Dowser,,Holo,The Dowser / Farewell,False,10383,1178:6993,
0fcf6a85,Hydrologist,Hydrologist,Equipment,None,FriendShipUILevel5,5,217,Heartman's Lab,,,,False,10390,1178:10017,
49ecc00d,Hydrologist,Hydrologist,Equipment,None,FriendShipUILevel5,5,217,Heartman's Lab,,Holo,The Hydrologist / Welcome,False,10391,1178:6402,
5abc33f9,Hydrologist,Hydrologist,Equipment,None,FriendShipUILevel5,5,217,Heartman's Lab,,Holo,The Hydrologist / Encouragement,False,10392,1178:9985,
28d7b0fa,Hydrologist,Hydrologist,Equipment,None,FriendShipUILevel5,5,217,Heartman's Lab,,Holo,The Hydrologist / Farewell,False,10393,1178:11269,
296e8d6d,The Pizza Chef,The Pizza Chef,Equipment,None,FriendShipUILevel5,5,218,The Pizza Chef,,,,False,10400,1178:9533,
185d361a,The Pizza Chef,The Pizza Chef,Equipment,None,FriendShipUILevel5,5,218,The Pizza Chef,,Holo,The Pizza Chef / Welcome,False,10401,1178:6049,
0b0dc5ee,The Pizza Chef,The Pizza Chef,Equipment,None,FriendShipUILevel5,5,218,The Pizza Chef,,Holo,The Pizza Chef / Encouragement,False,10402,1178:5167,
796646ed,The Pizza Chef,The Pizza Chef,Equipment,None,FriendShipUILevel5,5,218,The Pizza Chef,,Holo,The Pizza Chef / Farewell,False,10403,1178:3648,
2dac2206,The Pizza Chef,The Pizza Chef,Equipment,None,FriendShipUILevel5,5,218,The Pizza Chef,,Holo,The Pizza Chef / Pizza Spinning,False,10404,1178:5081,
5b050e6e,The Data Scientist,The Data Scientist,Equipment,None,FriendShipUILevel5,5,220,The Data Scientist,,,,False,10410,1178:10473,
3d1ca464,The Data Scientist,The Data Scientist,Equipment,None,FriendShipUILevel5,5,220,The Data Scientist,,Holo,The Data Scientist / Welcome,False,10411,1178:7817,
2e4c5790,The Data Scientist,The Data Scientist,Equipment,None,FriendShipUILevel5,5,220,The Data Scientist,,Holo,The Data Scientist / Encouragement,False,10412,1178:3465,
5c27d493,The Data Scientist,The Data Scientist,Equipment,None,FriendShipUILevel5,5,220,The Data Scientist,,Holo,The Data Scientist / Farewell,False,10413,1178:10771,
4855fd9a,Samson Hook,Samson Hook,Equipment,None,FriendShipUILevel5,5,214,The Architect,,,,False,10420,1178:5747,
57326417,Samson Hook,Samson Hook,Equipment,None,FriendShipUILevel5,5,214,The Architect,,Holo,The Architect / Welcome,False,10421,1178:3110,
446297e3,Samson Hook,Samson Hook,Equipment,None,FriendShipUILevel5,5,214,The Architect,,Holo,The Architect / Encouragement,False,10422,1178:9425,
360914e0,Samson Hook,Samson Hook,Equipment,None,FriendShipUILevel5,5,214,The Architect,,Holo,The Architect / Farewell,False,10423,1178:3184,
3a3e7e99,The Doctor,The Doctor,Equipment,None,FriendShipUILevel5,5,219,The Motherhood,,,,False,10430,1178:3764,
7273f669,The Doctor,The Doctor,Equipment,None,FriendShipUILevel5,5,219,The Motherhood,,Holo,The Doctor / Welcome,False,10431,1178:9052,
6123059d,The Doctor,The Doctor,Equipment,None,FriendShipUILevel5,5,219,The Motherhood,,Holo,The Doctor / Encouragement,False,10432,1178:4367,
1348869e,The Doctor,The Doctor,Equipment,None,FriendShipUILevel5,5,219,The Motherhood,,Holo,The Doctor / Farewell,False,10433,1178:5951,
642d42bd,The Pioneer,The Pioneer,Equipment,None,FriendShipUILevel5,5,208,The Pioneer,,,,False,10440,1178:3498,
3ed2acc5,The Pioneer,The Pioneer,Equipment,None,FriendShipUILevel5,5,208,The Pioneer,,Holo,The Pioneer / Welcome,False,10441,1178:7213,
2d825f31,The Pioneer,The Pioneer,Equipment,None,FriendShipUILevel5,5,208,The Pioneer,,Holo,The Pioneer / Encouragement,False,10442,1178:8122,
5fe9dc32,The Pioneer,The Pioneer,Equipment,None,FriendShipUILevel5,5,208,The Pioneer,,Holo,The Pioneer / Farewell,False,10443,1178:4381,
1646c1be,The Mechanic,The Mechanic,Equipment,None,FriendShipUILevel5,5,221,The Mechanic,,,,False,10450,1178:11311,
1b933ebb,The Mechanic,The Mechanic,Equipment,None,FriendShipUILevel5,5,221,The Mechanic,,Holo,The Mechanic / Welcome,False,10451,1178:6139,
08c3cd4f,The Mechanic,The Mechanic,Equipment,None,FriendShipUILevel5,5,221,The Mechanic,,Holo,The Mechanic / Encouragement,False,10452,1178:6232,
7aa84e4c,The Mechanic,The Mechanic,Equipment,None,FriendShipUILevel5,5,221,The Mechanic,,Holo,The Mechanic / Farewell,False,10453,1178:3222,
1499d337,Leon Easton,Leon Easton,Equipment,None,FriendShipUILevel5,5,222,East Fort Knot (F4),,,,False,10460,1178:3227,
1f832aca,Leon Easton,Leon Easton,Equipment,None,FriendShipUILevel5,5,222,East Fort Knot (F4),,Holo,Leon Easton / Welcome,False,10461,1178:7632,
0cd3d93e,Leon Easton,Leon Easton,Equipment,None,FriendShipUILevel5,5,222,East Fort Knot (F4),,Holo,Leon Easton / Encouragement,False,10462,1178:9620,
7eb85a3d,Leon Easton,Leon Easton,Equipment,None,FriendShipUILevel5,5,222,East Fort Knot (F4),,Holo,Leon Easton / Farewell,False,10463,1178:4088,
66f25034,The Chronobiologist,The Chronobiologist,Equipment,None,FriendShipUILevel5,5,223,The Chronobiologist,,,,False,10470,1178:11346,
3ac2b8b4,The Chronobiologist,The Chronobiologist,Equipment,None,FriendShipUILevel5,5,223,The Chronobiologist,,Holo,The Chronobiologist / Welcome,False,10471,1178:9777,
29924b40,The Chronobiologist,The Chronobiologist,Equipment,None,FriendShipUILevel5,5,223,The Chronobiologist,,Holo,The Chronobiologist / Encouragement,False,10472,1178:5677,
5bf9c843,The Chronobiologist,The Chronobiologist,Equipment,None,FriendShipUILevel5,5,223,The Chronobiologist,,Holo,The Chronobiologist / Farewell,False,10473,1178:8251,
75a2a3c0,The Ghost Hunter,The Ghost Hunter,Equipment,None,FriendShipUILevel5,5,224,The Ghost Hunter,,,,False,10480,1178:10436,
50ec78c7,The Ghost Hunter,The Ghost Hunter,Equipment,None,FriendShipUILevel5,5,224,The Ghost Hunter,,Holo,The Ghost Hunter / Welcome,False,10481,1178:3388,
43bc8b33,The Ghost Hunter,The Ghost Hunter,Equipment,None,FriendShipUILevel5,5,224,The Ghost Hunter,,Holo,The Ghost Hunter / Encouragement,False,10482,1178:10444,
31d70830,The Ghost Hunter,The Ghost Hunter,Equipment,None,FriendShipUILevel5,5,224,The Ghost Hunter,,Holo,The Ghost Hunter / Farewell,False,10483,1178:7659,
07c920c3,The Metagenomicist,The Metagenomicist,Equipment,None,FriendShipUILevel5,5,225,The Metagenomicist,,,,False,10490,1178:8789,
75adeab9,The Metagenomicist,The Metagenomicist,Equipment,None,FriendShipUILevel5,5,225,The Metagenomicist,,Holo,The Metagenomicist / Welcome,False,10491,1178:4404,
66fd194d,The Metagenomicist,The Metagenomicist,Equipment,None,FriendShipUILevel5,5,225,The Metagenomicist,,Holo,The Metagenomicist / Encouragement,False,10492,1178:8425,
14969a4e,The Metagenomicist,The Metagenomicist,Equipment,None,FriendShipUILevel5,5,225,The Metagenomicist,,Holo,The Metagenomicist / Farewell,False,10493,1178:3143,
53034428,Viktor Frank,Viktor Frank,Equipment,None,FriendShipUILevel5,5,226,F5 East Distribution Center,,,,False,10500,1178:10543,
015d8ed0,Viktor Frank,Viktor Frank,Equipment,None,FriendShipUILevel5,5,226,F5 East Distribution Center,,Holo,Viktor Frank / Welcome,False,10501,1178:7829,
120d7d24,Viktor Frank,Viktor Frank,Equipment,None,FriendShipUILevel5,5,226,F5 East Distribution Center,,Holo,Viktor Frank / Encouragement,False,10502,1178:6264,
6066fe27,Viktor Frank,Viktor Frank,Equipment,None,FriendShipUILevel5,5,226,F5 East Distribution Center,,Holo,Viktor Frank / Farewell,False,10503,1178:10087,
2168c72b,The Fisherman,The Fisherman,Equipment,None,FriendShipUILevel5,5,212,The Fisherman,,,,False,10510,1178:6048,
241c1cae,The Fisherman,The Fisherman,Equipment,None,FriendShipUILevel5,5,212,The Fisherman,,Holo,The Fisherman / Welcome,False,10511,1178:9707,
374cef5a,The Fisherman,The Fisherman,Equipment,None,FriendShipUILevel5,5,212,The Fisherman,,Holo,The Fisherman / Encouragement,False,10512,1178:9758,
45276c59,The Fisherman,The Fisherman,Equipment,None,FriendShipUILevel5,5,212,The Fisherman,,Holo,The Fisherman / Farewell,False,10513,1178:10010,
323834df,The Adventurer,The Adventurer,Equipment,None,FriendShipUILevel5,5,227,The Adventurer,,,,False,10520,1178:9250,
4e32dcdd,The Adventurer,The Adventurer,Equipment,None,FriendShipUILevel5,5,227,The Adventurer,,Holo,The Adventurer / Welcome,False,10521,1178:4708,
5d622f29,The Adventurer,The Adventurer,Equipment,None,FriendShipUILevel5,5,227,The Adventurer,,Holo,The Adventurer / Encouragement,False,10522,1178:5261,
2f09ac2a,The Adventurer,The Adventurer,Equipment,None,FriendShipUILevel5,5,227,The Adventurer,,Holo,The Adventurer / Farewell,False,10523,1178:6201,
4053b7dc,Ridge Frost,Ridge Frost,Equipment,None,FriendShipUILevel5,5,228,Eastern Environmental Observatory,,,,False,10530,1178:10932,
6b734ea3,Ridge Frost,Ridge Frost,Equipment,None,FriendShipUILevel5,5,228,Eastern Environmental Observatory,,Holo,Ridge Frost / Welcome,False,10531,1178:9328,
7823bd57,Ridge Frost,Ridge Frost,Equipment,None,FriendShipUILevel5,5,228,Eastern Environmental Observatory,,Holo,Ridge Frost / Encouragement,False,10532,1178:5257,
0a483e54,Ridge Frost,Ridge Frost,Equipment,None,FriendShipUILevel5,5,228,Eastern Environmental Observatory,,Holo,Ridge Frost / Farewell,False,10533,1178:6281,
073b4b40,The Aeronautical Engineer,The Aeronautical Engineer,Equipment,None,FriendShipUILevel5,5,230,The Aeronautical Engineer,,,,False,10540,1178:8637,
42c68072,The Aeronautical Engineer,The Aeronautical Engineer,Equipment,None,FriendShipUILevel5,5,230,The Aeronautical Engineer,,Holo,The Aeronautical Engineer / Welcome,False,10541,1178:9893,
51967386,The Aeronautical Engineer,The Aeronautical Engineer,Equipment,None,FriendShipUILevel5,5,230,The Aeronautical Engineer,,Holo,The Aeronautical Engineer / Encouragement,False,10542,1178:9666,
23fdf085,The Aeronautical Engineer,The Aeronautical Engineer,Equipment,None,FriendShipUILevel5,5,230,The Aeronautical Engineer,,Holo,The Aeronautical Engineer / Farewell,False,10543,1178:10991,
1e408bf8,The Phantom Smith,The Phantom Smith,Equipment,None,FriendShipUILevel5,5,229,The Phantom Smith,,,,False,10550,1178:5611,
27d2140f,The Phantom Smith,The Phantom Smith,Equipment,None,FriendShipUILevel5,5,229,The Phantom Smith,,Holo,The Phantom Smith / Welcome,False,10551,1178:6008,
3482e7fb,The Phantom Smith,The Phantom Smith,Equipment,None,FriendShipUILevel5,5,229,The Phantom Smith,,Holo,The Phantom Smith / Encouragement,False,10552,1178:2884,
46e964f8,The Phantom Smith,The Phantom Smith,Equipment,None,FriendShipUILevel5,5,229,The Phantom Smith,,Holo,The Phantom Smith / Farewell,False,10553,1178:4149,
6c2b08fb,Pierre Southern,Pierre Southern,Equipment,None,FriendShipUILevel5,5,231,South Fort Knot (F6),,,,False,10560,1178:10641,
02938671,Pierre Southern,Pierre Southern,Equipment,None,FriendShipUILevel5,5,231,South Fort Knot (F6),,Holo,Pierre Southern / Welcome,False,10561,1178:7349,
11c37585,Pierre Southern,Pierre Southern,Equipment,None,FriendShipUILevel5,5,231,South Fort Knot (F6),,Holo,Pierre Southern / Encouragement,False,10562,1178:10278,
63a8f686,Pierre Southern,Pierre Southern,Equipment,None,FriendShipUILevel5,5,231,South Fort Knot (F6),,Holo,Pierre Southern / Farewell,False,10563,1178:3039,
7550c843,The Tar Therapist,The Tar Therapist,Equipment,None,FriendShipUILevel5,5,232,The Tar Therapist,,,,False,10570,1178:11013,
6787120c,The Tar Therapist,The Tar Therapist,Equipment,None,FriendShipUILevel5,5,232,The Tar Therapist,,Holo,The Tar Therapist / Welcome,False,10571,1178:7833,
74d7e1f8,The Tar Therapist,The Tar Therapist,Equipment,None,FriendShipUILevel5,5,232,The Tar Therapist,,Holo,The Tar Therapist / Encouragement,False,10572,1178:4697,
06bc62fb,The Tar Therapist,The Tar Therapist,Equipment,None,FriendShipUILevel5,5,232,The Tar Therapist,,Holo,The Tar Therapist / Farewell,False,10573,1178:4235,
66003bb7,Gregory Southall,Gregory Southall,Equipment,None,FriendShipUILevel5,5,233,Southern Environmental Observatory,,,,False,10580,1178:3124,
0da9d27f,Gregory Southall,Gregory Southall,Equipment,None,FriendShipUILevel5,5,233,Southern Environmental Observatory,,Holo,Gregory Southall / Welcome,False,10581,1178:9472,
1ef9218b,Gregory Southall,Gregory Southall,Equipment,None,FriendShipUILevel5,5,233,Southern Environmental Observatory,,Holo,Gregory Southall / Encouragement,False,10582,1178:4441,
6c92a288,Gregory Southall,Gregory Southall,Equipment,None,FriendShipUILevel5,5,233,Southern Environmental Observatory,,Holo,Gregory Southall / Farewell,False,10583,1178:10938,
146bb8b4,Bianca North,Bianca North,Equipment,None,FriendShipUILevel5,5,234,F7 North Distribution Center,,,,False,10590,1178:4021,
28e84001,Bianca North,Bianca North,Equipment,None,FriendShipUILevel5,5,234,F7 North Distribution Center,,Holo,Bianca North / Welcome,False,10591,1178:6230,
3bb8b3f5,Bianca North,Bianca North,Equipment,None,FriendShipUILevel5,5,234,F7 North Distribution Center,,Holo,Bianca North / Encouragement,False,10592,1178:2888,
49d330f6,Bianca North,Bianca North,Equipment,None,FriendShipUILevel5,5,234,F7 North Distribution Center,,Holo,Bianca North / Farewell,False,10593,1178:6010,
40a1dc5f,BPAS,BPAS,Equipment,None,FriendShipUILevel5,5,236,BPAS,,,,False,10600,1178:10982,
5c182468,BPAS,BPAS,Equipment,None,FriendShipUILevel5,5,236,BPAS,,Holo,BPAS / Welcome,False,10601,1178:8897,
4f48d79c,BPAS,BPAS,Equipment,None,FriendShipUILevel5,5,236,BPAS,,Holo,BPAS / Encouragement,False,10602,1178:3247,
3d23549f,BPAS,BPAS,Equipment,None,FriendShipUILevel5,5,236,BPAS,,Holo,BPAS / Farewell,False,10603,1178:5200,
32ca5f5c,James Ender,James Ender,Equipment,None,FriendShipUILevel5,5,235,Terminal Fort Knot (F8),,,,False,10610,1178:5419,
7959b616,James Ender,James Ender,Equipment,None,FriendShipUILevel5,5,235,Terminal Fort Knot (F8),,Holo,James Ender / Welcome,False,10611,1178:2898,
6a0945e2,James Ender,James Ender,Equipment,None,FriendShipUILevel5,5,235,Terminal Fort Knot (F8),,Holo,James Ender / Encouragement,False,10612,1178:3162,
1862c6e1,James Ender,James Ender,Equipment,None,FriendShipUILevel5,5,235,Terminal Fort Knot (F8),,Holo,James Ender / Farewell,False,10613,1178:9107,
33dce3d9,Mr. Impossible,Mr. Impossible,Equipment,None,FriendShipUILevel5,5,237,Mr. Impossible,,,,False,10620,1178:5108,
20e4094b,Mr. Impossible,Mr. Impossible,Equipment,None,FriendShipUILevel5,5,237,Mr. Impossible,,Holo,Mr. Impossible / Welcome,False,10621,1178:6130,
33b4fabf,Mr. Impossible,Mr. Impossible,Equipment,None,FriendShipUILevel5,5,237,Mr. Impossible,,Holo,Mr. Impossible / Encouragement,False,10622,1178:6458,
41df79bc,Mr. Impossible,Mr. Impossible,Equipment,None,FriendShipUILevel5,5,237,Mr. Impossible,,Holo,Mr. Impossible / Farewell,False,10623,1178:9900,
5bf765ed,Quokka,Quokka,Equipment,None,FriendShipUILevel5,5,210,Animal Shelter,,Holo,Quokka / Relaxed,False,10630,18273:10,
1c9f9971,Kangaroo,Kangaroo,Equipment,None,Unique,,217,Heartman's Lab,,Holo,Kangaroo / Relaxed,False,10640,1179:1272,
7bcc81b8,any love of any kind CHOIR VERSION,any love of any kind CHOIR VERSION,Equipment,None,Normal,,205,The Musician,260,Sound,any love of any kind CHOIR VERSION,True,15010,1179:1742,No.22
26161390,any love of any kind FEAT BRYCE DESSNER,any love of any kind FEAT BRYCE DESSNER,Magellan,None,Normal,,205,The Musician,70,Sound,any love of any kind FEAT BRYCE DESSNER,True,15020,1179:1426,No.7
618c848f,minus sixty one,minus sixty one,Magellan,None,Normal,,205,The Musician,10,Sound,minus sixty one,True,15030,1179:1725,No.1
686e19cf,are you there,are you there,Equipment,None,Normal,,205,The Musician,,Sound,are you there,True,15040,1179:1630,
09556938,quiet strike,quiet strike,Equipment,None,Unique,,-1,,,Sound,quiet strike,False,15050,1179:1486,
1a059acc,asphalt maelstrom,asphalt maelstrom,Equipment,None,Normal,,205,The Musician,,Sound,asphalt maelstrom,True,15060,1179:1407,
73cacbfe,story of rainy,story of rainy,Equipment,None,MissionClear,,-1,,180,Sound,story of rainy,True,15070,1179:1279,No.15
5d9f0dd3,amekara nijie,amekara nijie,Equipment,None,MissionClear,,-1,,180,Sound,amekara nijie,True,15080,1179:1795,No.15
722e1cf8,to the wilder,to the wilder,Equipment,None,MissionClear,,216,The Dowser,550,Sound,to the wilder,True,15090,1179:1724,No.47
25dfbd9c,tmrrw,tmrrw,Equipment,None,MissionClear,,-1,,260,Sound,tmrrw,True,15100,1179:1717,No.22
57b43e9f,to the wilder PIANO VERSION,to the wilder PIANO VERSION,Equipment,None,MissionClear,,205,The Musician,260,Sound,to the wilder PIANO VERSION,True,15110,1179:1548,No.22
7b3eea3b,black drift,black drift,Equipment,None,MissionClear,,-1,,381,Sound,black drift,False,15120,1179:1612,No.110
2ff48ed0,fragile things,fragile things,Equipment,None,GameClear,,-1,,560,Sound,fragile things,True,15130,1179:1447,No.48
0153237e,to the wilder FEAT ELLE FANNING,to the wilder FEAT ELLE FANNING,Equipment,None,GameClear,,-1,,560,Sound,to the wilder FEAT ELLE FANNING,True,15140,1179:1228,No.48
60685389,Raindrops Keep Fallin' on My Head,Raindrops Keep Fallin' on My Head,Equipment,None,Normal,,205,The Musician,,Sound,Raindrops Keep Fallin' on My Head,True,15150,1179:1299,
46c9b461,Indigo,Indigo,Equipment,None,Normal,,205,The Musician,550,Sound,Indigo,True,15160,1179:1754,No.47
09a702bb,Woods,Woods,Equipment,None,MissionClear,,-1,,190,Sound,Woods,True,15170,1179:1677,No.16
193e5f43,Famous Men,Famous Men,Magellan,None,MissionClear,,-1,,245,Sound,Famous Men,True,15180,1179:1436,No.20
13e7078c,Rome,Rome,Magellan,None,Normal,,219,The Motherhood,30,Sound,Rome,True,15190,1179:1622,No.3
01a148fd,Geese,Geese,Equipment,None,MissionClear,,-1,,310,Sound,Geese,True,15200,1179:1427,No.28
13156c0f,The Bride & the Bachelor,The Bride & the Bachelor,Magellan,None,Normal,,222,East Fort Knot (F4),270,Sound,The Bride & the Bachelor,True,15210,1179:1411,No.23
00b7f478,Dancing Ghosts (ft. Patrick Watson),Dancing Ghosts (ft. Patrick Watson),Magellan,None,Normal,,205,The Musician,50,Sound,Dancing Ghosts (ft. Patrick Watson),True,15220,1179:1600,No.5
617eef0c,Are You Leaving,Are You Leaving,Magellan,None,Normal,,223,The Chronobiologist,300,Sound,Are You Leaving,True,15230,1179:1661,No.26
35b48be7,Little Nest,Little Nest,Magellan,None,Normal,,228,Eastern Environmental Observatory,430,Sound,Little Nest,True,15240,1179:1596,No.38
72dc777b,Just How It Goes,Just How It Goes,Magellan,None,Normal,,205,The Musician,70,Sound,Just How It Goes,True,15250,1179:1390,No.7
6b55dc40,Give Up,Give Up,Equipment,None,Normal,,216,The Dowser,140,Sound,Give Up,True,15260,1179:1607,No.103
2f06e553,Please Don't Stop (Chapter 2),Please Don't Stop (Chapter 2),Equipment,None,MissionClear,,-1,,405,Sound,Please Don't Stop (Chapter 2),False,15270,1179:1701,No.117
5d6d6650,Patience,Patience,Equipment,None,Normal,,227,The Adventurer,,Sound,Patience,False,15280,1179:1603,
4e3d95a4,Breathe In,Breathe In,Equipment,None,MissionClear,,-1,,428,Sound,Breathe In,False,15290,1179:1238,No.120
3c5616a7,Hummingbird,Hummingbird,Equipment,None,MissionClear,,-1,,426,Sound,Hummingbird,False,15300,1179:1472,No.121
7338a07d,Rolling Over,Rolling Over,Equipment,None,MissionClear,,-1,,500,Sound,Rolling Over,True,15310,1179:1280,No.42
12f1bb09,Without You,Without You,Equipment,None,Normal,,234,F7 North Distribution Center,,Sound,Without You,True,15320,1179:1204,
78f74437,Not Around,Not Around,Equipment,None,MissionClear,,234,F7 North Distribution Center,550,Sound,Not Around,True,15330,1179:1422,No.47
0a9cc734,Field Of Dreams,Field Of Dreams,Magellan,None,MissionClear,,-1,,550,Sound,Field Of Dreams,True,15340,1179:1374,No.47
2dd9f7da,Low Roar,Low Roar,Equipment,None,MissionClear,,-1,,389,Sound,Low Roar,False,15350,1179:1424,No.114
1203d08a,On The Beach,On The Beach,Equipment,None,Normal,,205,The Musician,80,Sound,On The Beach,True,15360,1179:1222,No.8
547d9093,Sayonara,Sayonara,Equipment,None,Normal,,205,The Musician,80,Sound,Sayonara,True,15370,1179:1287,No.8
4c10ecae,Pop Virus,Pop Virus,Equipment,None,Normal,,205,The Musician,,Sound,,True,15380,1179:1780,
3e7b6fad,Fushigi,Fushigi,Equipment,None,Normal,,205,The Musician,,Sound,Fushigi,True,15390,1179:1435,
472d6367,Horizon Dreamer,Horizon Dreamer,Magellan,None,Normal,,205,The Musician,130,Sound,Horizon Dreamer,True,15400,1179:1208,No.11
3546e064,Polytope,Polytope,Equipment,None,MissionClear,,205,The Musician,140,Sound,Polytope,True,15410,1179:1513,No.103
556b2c16,MIIRA NO SAKEBI,MIIRA NO SAKEBI,Magellan,None,FriendShipUILevel2,2,205,The Musician,560,Sound,MIIRA NO SAKEBI,True,15420,1179:1346,No.48
2700af15,KAIJU MUHOU CHITAI,KAIJU MUHOU CHITAI,Equipment,None,FriendShipUILevel3,3,205,The Musician,360,Sound,KAIJU MUHOU CHITAI,True,15430,1179:1220,No.32
34505ce1,ULTRA SAKUSEN DAI ICHIGOU,ULTRA SAKUSEN DAI ICHIGOU,Magellan,None,FriendShipUILevel4,4,205,The Musician,80,Sound,ULTRA SAKUSEN DAI ICHIGOU,True,15440,1179:1439,No.8
463bdfe2,YUUSEIKARA KITA KYOUDAI,YUUSEIKARA KITA KYOUDAI,Equipment,None,FriendShipUILevel5,5,205,The Musician,,Sound,YUUSEIKARA KITA KYOUDAI,True,15450,1179:1670,
3ca47d24,Deathly,Deathly,Equipment,None,Normal,,205,The Musician,,Sound,Deathly,True,15460,1179:1779,
4ecffe27,Mothers,Mothers,Equipment,None,Normal,,205,The Musician,,Sound,Mothers,True,15470,1179:1565,
00459ffb,Cliffhanger,Cliffhanger,Magellan,None,Normal,,217,Heartman's Lab,260,Sound,Cliffhanger,True,15480,1179:1451,No.22
5fb274d9,Let's Not Say Another Word,Let's Not Say Another Word,Equipment,None,Normal,,221,The Mechanic,,Sound,Let's Not Say Another Word,True,15490,1179:1734,
26e47813,Afraid,Afraid,Equipment,None,Normal,,225,The Metagenomicist,500,Sound,Afraid,True,15500,1179:1740,No.42
548ffb10,Tell The Truth,Tell The Truth,Magellan,None,MissionClear,,231,South Fort Knot (F6),470,Sound,Tell The Truth,True,15510,1179:1530,No.122
55994795,PEKORANDOMBRAIN,PEKORANDOMBRAIN,Equipment,None,FriendShipUILevel3,3,220,The Data Scientist,,Sound,PEKORANDOMBRAIN,True,15520,1179:1263,
689c724c,Hope feat. Denise Sherwood,Hope feat. Denise Sherwood,Equipment,None,Normal,,229,The Phantom Smith,,Sound,Hope feat. Denise Sherwood,True,15530,1179:1480,
47df08e4,Asylums For The Feeling feat. Leila Adu,Asylums For The Feeling feat. Leila Adu,Magellan,None,Normal,,231,South Fort Knot (F6),450,Sound,Asylums For The Feeling feat. Leila Adu,True,15540,1179:1690,No.40
609a380a,Chariot I Plead feat. Tim Smith,Chariot I Plead feat. Tim Smith,Equipment,None,MissionClear,,-1,,550,Sound,Chariot I Plead feat. Tim Smith,True,15550,1179:1581,No.47
1af7f14f,BB's Theme,BB's Theme,Equipment,None,MissionClear,,-1,,560,Sound,BB's Theme,True,15560,1179:1285,No.48
27f2c496,Nightmares,Nightmares,Magellan,None,Normal,,205,The Musician,550,Sound,Nightmares,True,15570,1179:1410,No.47
34a23762,Death Stranding,Death Stranding,Magellan,None,Normal,,205,The Musician,550,Sound,Death Stranding,True,15580,1179:1235,No.47
5ccbd2cd,Blood Bag,Blood Bag,DeliveryMachine,All,Normal,,102,Ciudad Nudo del Norte (C1),80,,,True,50010,1178:8352,No.8
4f9b2139,High-Capacity Blood Bag,High-Capacity Blood Bag,DeliveryMachine,All,FriendShipUILevel3,3,219,The Motherhood,,,,False,50011,1178:10385,
6fe5c2e6,Container Repair Spray,Container Repair Spray,DeliveryMachine,All,Normal,,102,Ciudad Nudo del Norte (C1),80,,,True,50020,1178:3072,No.8
1d8e41e5,Ladder,Ladder,DeliveryMachine,All,Normal,,102,Ciudad Nudo del Norte (C1),10,,,True,50030,1178:6768,No.1
0edeb211,Climbing Anchor,Climbing Anchor,DeliveryMachine,All,Normal,,102,Ciudad Nudo del Norte (C1),80,,,True,50040,1178:9476,No.8
7d51e614,Guidepost,Guidepost,DeliveryMachine,All,FriendShipUILevel2,2,213,Northern Environmental Observatory,,,,False,50041,1178:6189,
4944250e,PCC Lv1,PCC Lv1,DeliveryMachine,All,Normal,,103,Villa Libre,30,,,True,50050,1178:1409,No.3
3b2fa60d,PCC Lv2,PCC Lv2,DeliveryMachine,All,Normal,,216,The Dowser,,,,True,50051,1178:957,
320ad82a,Zip-Line,Zip-Line,DeliveryMachine,None,Normal,,216,The Dowser,,,,True,50052,1178:6770,
5ae6bd79,PCC Lv3,PCC Lv3,DeliveryMachine,All,MissionClear,,-1,,620,,,False,50052,1178:896,No.124
26339468,,,Vehicle,None,Normal,,-1,,,,,False,50060,1178:5183,
4708e49f,Floating Carrier Lv1,Floating Carrier Lv1,DeliveryMachine,All,Normal,,206,West Fort Knot (F1),100,,,True,50060,1178:6569,No.10
5458176b,Floating Carrier Lv2,Floating Carrier Lv2,DeliveryMachine,All,FriendShipUILevel3,3,206,West Fort Knot (F1),,,,False,50061,1178:8475,
0184cf05,Coffin Board,Coffin Board,DeliveryMachine,All,Normal,,221,The Mechanic,,,,True,50070,1178:1443,
6e7d4315,Transporter Boots,Transporter Boots,Equipment,All,Normal,,102,Ciudad Nudo del Norte (C1),80,,,True,50100,1178:10613,No.8
7d2db0e1,Trekking Boots,Trekking Boots,Equipment,All,Normal,,107,The Bokka,,,,False,50101,1178:6634,
29e7d40a,Bandit Boots,Bandit Boots,Equipment,None,Normal,,-1,,,,,False,50102,1178:7085,
3ab727fe,Brigand Boots,Brigand Boots,Equipment,None,Normal,,-1,,,,,False,50103,1178:4969,
48dca4fd,Survivalist Boots,Survivalist Boots,Equipment,None,Normal,,-1,,,,,False,50104,1178:9756,
64a41bda,MULE Boots,MULE Boots,Equipment,None,Normal,,-1,,,,,False,50104,1178:5570,
0f4633e2,Combat Boots,Combat Boots,Equipment,All,Normal,,215,F2 South Distribution Center,,,,True,50105,1178:10243,
5b8c5709,Sneaking Boots,Sneaking Boots,Equipment,All,Normal,,220,The Data Scientist,,,,True,50106,1178:4414,
16cf98d9,Absolute Boots,Absolute Boots,Equipment,All,FriendShipUILevel2,2,226,F5 East Distribution Center,,,,False,50107,1178:9785,
1c16c016,Pizza Chef's Boots,Pizza Chef's Boots,Equipment,All,FriendShipUILevel5,5,218,The Pizza Chef,,,,True,50108,1178:10157,
75d99124,Omnireflector Boots,Omnireflector Boots,Equipment,None,Unique,,-1,,,,,False,50109,1179:1793,
07b21227,Chiral Boots,Chiral Boots,Equipment,None,Unique,,-1,,,,,False,50110,1179:1257,
7ddfdb62,Battle Skeleton Lv1,Battle Skeleton Lv1,Equipment,All,Normal,,203,Western Environmental Observatory,,,,True,50200,1178:4579,
5b7e3c8a,Battle Skeleton: Silver Lv1,Battle Skeleton: Silver Lv1,Equipment,All,Normal,,203,Western Environmental Observatory,,,,False,50201,18271:99,
482ecf7e,Battle Skeleton: Gold Lv1,Battle Skeleton: Gold Lv1,Equipment,All,Normal,,203,Western Environmental Observatory,,,,False,50202,18271:119,
6e8f2896,Battle Skeleton Lv2,Battle Skeleton Lv2,Equipment,All,FriendShipUILevel3,3,203,Western Environmental Observatory,,,,False,50203,1178:10573,
056d00ae,Battle Skeleton: Silver Lv2,Battle Skeleton: Silver Lv2,Equipment,All,FriendShipUILevel3,3,203,Western Environmental Observatory,,,,False,50204,18271:136,
3a454c7d,Battle Skeleton: Gold Lv2,Battle Skeleton: Gold Lv2,Equipment,All,FriendShipUILevel3,3,203,Western Environmental Observatory,,,,False,50205,18271:95,
1ce4ab95,Battle Skeleton Lv3,Battle Skeleton Lv3,Equipment,All,FriendShipUILevel4,4,203,Western Environmental Observatory,,,,False,50206,1178:10462,
770683ad,Battle Skeleton: Silver Lv3,Battle Skeleton: Silver Lv3,Equipment,All,FriendShipUILevel4,4,203,Western Environmental Observatory,,,,False,50207,18271:143,
2915bf89,Battle Skeleton: Gold Lv3,Battle Skeleton: Gold Lv3,Equipment,All,FriendShipUILevel4,4,203,Western Environmental Observatory,,,,False,50208,18271:106,
5a9aeb8c,Boost Skeleton Lv1,Boost Skeleton Lv1,Equipment,All,Normal,,216,The Dowser,,,,True,50300,1178:8191,
7c3b0c64,Boost Skeleton: Silver Lv1,Boost Skeleton: Silver Lv1,Equipment,All,Normal,,216,The Dowser,,,,False,50301,18271:138,
6f6bff90,Boost Skeleton: Gold Lv1,Boost Skeleton: Gold Lv1,Equipment,All,Normal,,216,The Dowser,,,,False,50302,18271:101,
49ca1878,Boost Skeleton Lv2,Boost Skeleton Lv2,Equipment,All,FriendShipUILevel3,3,216,The Dowser,,,,False,50303,1178:4896,
22283040,Boost Skeleton: Silver Lv2,Boost Skeleton: Silver Lv2,Equipment,All,FriendShipUILevel3,3,216,The Dowser,,,,False,50304,18271:156,
1d007c93,Boost Skeleton: Gold Lv2,Boost Skeleton: Gold Lv2,Equipment,All,FriendShipUILevel3,3,216,The Dowser,,,,False,50305,18271:103,
3ba19b7b,Boost Skeleton Lv3,Boost Skeleton Lv3,Equipment,All,FriendShipUILevel4,4,216,The Dowser,,,,False,50306,1178:8879,
5043b343,Boost Skeleton: Silver Lv3,Boost Skeleton: Silver Lv3,Equipment,All,FriendShipUILevel4,4,216,The Dowser,,,,False,50307,18271:152,
0e508f67,Boost Skeleton: Gold Lv3,Boost Skeleton: Gold Lv3,Equipment,All,FriendShipUILevel4,4,216,The Dowser,,,,False,50308,18271:96,
493873fb,Bokka Skeleton Lv1,Bokka Skeleton Lv1,Equipment,All,Normal,,222,East Fort Knot (F4),,,,True,50400,1178:6291,
6f999413,Bokka Skeleton: Silver Lv1,Bokka Skeleton: Silver Lv1,Equipment,All,Normal,,222,East Fort Knot (F4),,,,False,50401,18271:128,
7cc967e7,Bokka Skeleton: Gold Lv1,Bokka Skeleton: Gold Lv1,Equipment,All,Normal,,222,East Fort Knot (F4),,,,False,50402,18271:130,
5a68800f,Bokka Skeleton Lv2,Bokka Skeleton Lv2,Equipment,All,FriendShipUILevel3,3,222,East Fort Knot (F4),,,,False,50403,1178:9673,
318aa837,Bokka Skeleton: Silver Lv2,Bokka Skeleton: Silver Lv2,Equipment,All,FriendShipUILevel3,3,222,East Fort Knot (F4),,,,False,50404,18271:120,
0ea2e4e4,Bokka Skeleton: Gold Lv2,Bokka Skeleton: Gold Lv2,Equipment,All,FriendShipUILevel3,3,222,East Fort Knot (F4),,,,False,50405,18271:127,
2803030c,Bokka Skeleton Lv3,Bokka Skeleton Lv3,Equipment,All,FriendShipUILevel4,4,222,East Fort Knot (F4),,,,False,50406,1178:6103,
43e12b34,Bokka Skeleton: Silver Lv3,Bokka Skeleton: Silver Lv3,Equipment,All,FriendShipUILevel4,4,222,East Fort Knot (F4),,,,False,50407,18271:139,
1df21710,Bokka Skeleton: Gold Lv3,Bokka Skeleton: Gold Lv3,Equipment,All,FriendShipUILevel4,4,222,East Fort Knot (F4),,,,False,50408,18271:118,
529ca1ca,Combat Power Gloves Lv1,Combat Power Gloves Lv1,Equipment,All,FriendShipUILevel2,2,215,F2 South Distribution Center,,,,False,50500,1178:10638,
33a7d13d,Combat Power Gloves Lv2,Combat Power Gloves Lv2,Equipment,All,FriendShipUILevel3,3,215,F2 South Distribution Center,,,,False,50501,1178:8625,
20f722c9,Climbing Power Gloves Lv1,Climbing Power Gloves Lv1,Equipment,All,Normal,,227,The Adventurer,,,,False,50600,1178:9411,
41cc523e,Climbing Power Gloves Lv2,Climbing Power Gloves Lv2,Equipment,All,FriendShipUILevel3,3,227,The Adventurer,,,,False,50601,1178:9555,
413e39bd,Thermal Pad,Thermal Pad,Equipment,All,FriendShipUILevel2,2,227,The Adventurer,,,,False,50700,1178:8402,
3355babe,Oxygen Mask,Oxygen Mask,Equipment,All,Normal,,228,Eastern Environmental Observatory,,,,True,50800,1178:7731,
3259e406,Bola Gun,Bola Gun,Weapon,All,Normal,,202,The Government's Base,,,,True,60010,1178:3938,
40326705,Bola Stun Gun,Bola Stun Gun,Weapon,All,FriendShipUILevel4,4,207,The Inventor,,,,False,60011,1178:7527,
1d77cdbd,Sticky Gun,Sticky Gun,Weapon,All,FriendShipUILevel2,2,107,The Bokka,,,,False,60012,1178:5356,
38365fc3,Assault Rifle [MP] Lv1,Assault Rifle [MP] Lv1,Weapon,All,Normal,,102,Ciudad Nudo del Norte (C1),,,,True,60100,1178:5404,
7facc8dc,Assault Rifle [MP] Lv2,Assault Rifle [MP] Lv2,Weapon,All,FriendShipUILevel4,4,104,C1 South Distribution Center,,,,False,60110,1178:7867,
2b66ac37,LW Assault Rifle [MP] Lv1,LW Assault Rifle [MP] Lv1,Weapon,All,FriendShipUILevel3,3,105,Former Geophysics Research Lab,,,,False,60111,1178:6150,
590d2f34,LW Assault Rifle [MP] Lv2,LW Assault Rifle [MP] Lv2,Weapon,All,FriendShipUILevel4,4,105,Former Geophysics Research Lab,,,,False,60112,1178:3086,
6cfc3b28,SL-LW Assault Rifle [MP] Lv1,SL-LW Assault Rifle [MP] Lv1,Weapon,All,Normal,,220,The Data Scientist,,,,True,60113,1178:10872,
1e97b82b,SL-LW Assault Rifle [MP] Lv2,SL-LW Assault Rifle [MP] Lv2,Weapon,All,FriendShipUILevel4,4,220,The Data Scientist,,,,False,60114,1178:3702,
6c3a478b,Assault Rifle [RB] Lv1,Assault Rifle [RB] Lv1,Weapon,None,Normal,,-1,,,,,True,60115,1178:5987,
1ea3af0b,Assault Rifle [RB] Lv2,Assault Rifle [RB] Lv2,Weapon,None,Normal,,-1,,,,,True,60116,1178:11014,
6cc82c08,Assault Rifle [RB] Lv3,Assault Rifle [RB] Lv3,Weapon,None,Normal,,-1,,,,,True,60117,1178:5467,
0d01377c,Assault Rifle Lv1,Assault Rifle Lv1,Weapon,None,Normal,,-1,,,,,True,60118,1178:7713,
59393814,Assault Rifle Lv2,Assault Rifle Lv2,Weapon,None,Normal,,-1,,,,,True,60119,1178:6952,
22b02657,Warrior Assault Rifle,Warrior Assault Rifle,Equipment,None,Normal,,-1,,,,,True,60120,1178:8797,
767a42bc,Assault Rifle [MP] Lv1,Assault Rifle [MP] Lv1,Weapon,None,Normal,,-1,,,,,True,60121,1178:7046,
5a02fd9b,Assault Rifle [MP] Lv2,Assault Rifle [MP] Lv2,Weapon,None,Normal,,-1,,,,,True,60122,1178:7315,
2ba0d094,Assault Rifle [MP] Lv1,Assault Rifle [MP] Lv1,Weapon,None,Normal,,-1,,,,,True,60123,1178:8077,
1741324b,Assault Rifle [MP] Lv2,Assault Rifle [MP] Lv2,Weapon,None,Normal,,-1,,,,,True,60124,1178:6677,
59cb5397,LW Assault Rifle [MP] Lv2,LW Assault Rifle [MP] Lv2,Weapon,None,Normal,,-1,,,,,True,60125,1178:5026,
1775256b,Shotgun [MP] Lv1,Shotgun [MP] Lv1,Weapon,All,Normal,,205,The Musician,180,,,True,60200,1178:7859,No.15
22843177,Shotgun [MP] Lv2,Shotgun [MP] Lv2,Weapon,All,FriendShipUILevel3,3,205,The Musician,,,,False,60210,1178:5160,
764e559c,LW Shotgun [MP] Lv1,LW Shotgun [MP] Lv1,Weapon,All,FriendShipUILevel2,2,205,The Musician,,,,False,60211,1178:9289,
0425d69f,LW Shotgun [MP] Lv2,LW Shotgun [MP] Lv2,Weapon,All,FriendShipUILevel4,4,205,The Musician,,,,False,60212,1178:4268,
1e51c488,Shotgun [RP] Lv1,Shotgun [RP] Lv1,Weapon,None,Normal,,-1,,,,,True,60213,1178:9944,
380248e3,Shotgun [RP] Lv2,Shotgun [RP] Lv2,Weapon,None,Normal,,-1,,,,,True,60214,1178:3828,
4a69cbe0,Shotgun [RP] Lv3,Shotgun [RP] Lv3,Weapon,None,Normal,,-1,,,,,True,60215,1178:11198,
7f6ab47f,Shotgun Lv1,Shotgun Lv1,Weapon,None,Normal,,-1,,,,,True,60216,1178:9174,
75418733,Shotgun Lv2,Shotgun Lv2,Weapon,None,Normal,,-1,,,,,True,60217,1178:9055,
072a0430,Shotgun Lv3,Shotgun Lv3,Weapon,None,Normal,,-1,,,,,True,60218,1178:5582,
22424dd4,Warrior Shotgun,Warrior Shotgun,Equipment,None,Normal,,-1,,,,,True,60219,1178:5440,
28697e98,Shotgun [MP] Lv1,Shotgun [MP] Lv1,Weapon,None,Normal,,-1,,,,,True,60220,1178:9596,
3112be20,Shotgun [MP] Lv2,Shotgun [MP] Lv2,Weapon,None,Normal,,-1,,,,,True,60221,1178:7636,
4a9ba063,Shotgun [MP] Lv1,Shotgun [MP] Lv1,Weapon,None,Normal,,-1,,,,,True,60222,1178:5963,
0411c1bf,Shotgun [MP] Lv2,Shotgun [MP] Lv2,Weapon,None,Normal,,-1,,,,,True,60223,1178:6080,
7d5be518,Machine Gun [MP] Lv1,Machine Gun [MP] Lv1,Weapon,All,Normal,,218,The Pizza Chef,,,,False,60300,18273:18,
1c6095ef,Machine Gun [MP] Lv2,Machine Gun [MP] Lv2,Weapon,All,FriendShipUILevel3,3,218,The Pizza Chef,,,,False,60301,1178:7499,
0f30661b,LW Machine Gun [MP] Lv1,LW Machine Gun [MP] Lv1,Weapon,All,FriendShipUILevel2,2,233,Southern Environmental Observatory,,,,False,60310,1178:7269,
6e0b16ec,LW Machine Gun [MP] Lv2,LW Machine Gun [MP] Lv2,Weapon,All,FriendShipUILevel4,4,233,Southern Environmental Observatory,,,,False,60311,1178:6199,
7688293f,Machine Gun [MP] Lv2,Machine Gun [MP] Lv2,Equipment,None,Normal,,-1,,,,,True,60320,1178:8048,
17b359c8,Heavy Machine Gun [MP],Heavy Machine Gun [MP],Weapon,None,Normal,,-1,,,,,True,60330,1178:3359,
64ce664e,Ghost Blade,Ghost Blade,Weapon,None,Normal,,-1,,,,,True,60340,1178:5621,
3234b715,Tranq Sniper Rifle,Tranq Sniper Rifle,Weapon,All,Normal,,204,The Lone Commander,110,,,True,60400,1178:10959,No.100
405f3416,LW Tranq Sniper Rifle,LW Tranq Sniper Rifle,Weapon,All,FriendShipUILevel4,4,204,The Lone Commander,,,,False,60401,1178:7854,
530fc7e2,SL-LW Tranq Sniper Rifle,SL-LW Tranq Sniper Rifle,Weapon,All,FriendShipUILevel5,5,204,The Lone Commander,,,,False,60402,1178:9845,
20731cb3,Grenade Launcher [MP],Grenade Launcher [MP],Weapon,All,Normal,,226,F5 East Distribution Center,390,,,True,60500,1178:9426,No.34
41486c44,LW Grenade Launcher [MP],LW Grenade Launcher [MP],Weapon,All,FriendShipUILevel3,3,226,F5 East Distribution Center,,,,False,60501,1178:8937,
3323ef47,RD Grenade Launcher [MP],RD Grenade Launcher [MP],Weapon,All,Normal,,212,The Fisherman,,,,True,60502,1178:9899,
67e98bac,LW-RD Grenade Launcher [MP],LW-RD Grenade Launcher [MP],Weapon,All,FriendShipUILevel3,3,212,The Fisherman,,,,False,60503,1178:6747,
38f02360,Tranq Grenade Launcher,Tranq Grenade Launcher,Weapon,None,Normal,,-1,,,,,True,60504,1178:10466,
5029ced7,Warrior Grenade Launcher,Warrior Grenade Launcher,Equipment,None,Normal,,-1,,,,,True,60506,1178:5578,
2a440792,Grenade Launcher [MP],Grenade Launcher [MP],Weapon,None,Normal,,-1,,,,,True,60507,1178:10094,
04e3aa3c,Grenade Launcher [MP],Grenade Launcher [MP],Weapon,None,Normal,,-1,,,,,True,60508,1178:4073,
05328ecd,Quadruple Rocket Launcher,Quadruple Rocket Launcher,Weapon,All,Normal,,234,F7 North Distribution Center,,,,True,60600,1178:7242,
77590dce,LW Seven-Rocket Launcher,LW Seven-Rocket Launcher,Weapon,All,FriendShipUILevel3,3,234,F7 North Distribution Center,,,,False,60602,1178:3458,
6409fe3a,Multirocket Launcher,Multirocket Launcher,Weapon,All,FriendShipUILevel2,2,229,The Phantom Smith,,,,False,60603,1178:7902,
16627d39,LW Multirocket Launcher,LW Multirocket Launcher,Weapon,All,FriendShipUILevel4,4,229,The Phantom Smith,,,,False,60604,1178:4507,
0a4cbae9,Tar Cannon,Tar Cannon,Weapon,All,Normal,,209,Rainbow Valley,,,,True,60700,1178:8926,
782739ea,Chiral Shock Cannon,Chiral Shock Cannon,Weapon,All,Normal,,229,The Phantom Smith,,,,True,60701,1178:8285,
3bddcd8e,Battle Guitar,Battle Guitar,Weapon,All,MissionClear,,-1,,540,,,True,60800,1178:7184,No.46
385b0cd0,Maser Handgun,Maser Handgun,Weapon,All,Normal,,102,Ciudad Nudo del Norte (C1),80,,,True,60900,1178:4770,No.8
58772475,SL Tranq Handgun,SL Tranq Handgun,Weapon,All,FriendShipUILevel3,3,204,The Lone Commander,,,,False,60910,1178:4709,
17187678,Machine Pistol [MP],Machine Pistol [MP],Weapon,All,FriendShipUILevel2,2,102,Ciudad Nudo del Norte (C1),80,,,False,60911,1178:7231,No.8
6573f57b,SL Machine Pistol [MP],SL Machine Pistol [MP],Weapon,All,FriendShipUILevel3,3,102,Ciudad Nudo del Norte (C1),,,,False,60912,1178:3111,
7623068f,Big-Bore Handgun [MP],Big-Bore Handgun [MP],Weapon,All,FriendShipUILevel4,4,102,Ciudad Nudo del Norte (C1),,,,False,60913,1178:3652,
055fddde,Grenade Pistol [MP],Grenade Pistol [MP],Weapon,All,Normal,,203,Western Environmental Observatory,,,,True,60914,1178:4065,
6f711dad,Blood Boomerang,Blood Boomerang,Weapon,None,Unique,,213,Northern Environmental Observatory,,,,True,60950,1178:2218,
5eecc31f,Blood Boomerang,Blood Boomerang,Weapon,None,FriendShipUILevel2,2,230,The Aeronautical Engineer,,,,False,60951,1178:8133,
20144cac,Rubber Pizza,Rubber Pizza,Weapon,All,FriendShipUILevel2,2,218,The Pizza Chef,,,,False,60960,1178:7883,
666a0cb5,Blood Grenade Lv1,Blood Grenade Lv1,Weapon,All,Normal,,104,C1 South Distribution Center,80,,,True,61000,1178:5970,No.8
1e2abcfa,Blood Grenade Lv2,Blood Grenade Lv2,Weapon,All,FriendShipUILevel3,3,104,C1 South Distribution Center,,,,True,61001,1178:5658,
539b18a9,EX Grenade,EX Grenade,Weapon,All,FriendShipUILevel2,2,104,C1 South Distribution Center,,,,True,61010,1178:6249,
21f09baa,EX Capture Grenade,EX Capture Grenade,Weapon,All,Normal,,225,The Metagenomicist,370,,,True,61011,1178:8917,No.33
753aff41,Smoke Grenade,Smoke Grenade,Weapon,All,Normal,,204,The Lone Commander,80,,,False,61020,1178:4402,No.8
40cbeb5d,MP Grenade,MP Grenade,Weapon,All,Normal,,203,Western Environmental Observatory,,,,True,61030,1178:4388,
07517c42,Grenade,Grenade,Weapon,None,Normal,,-1,,,,,False,61031,1178:6440,
32a0685e,Stun Bomb,Stun Bomb,Weapon,All,FriendShipUILevel2,2,207,The Inventor,140,,,False,61040,1178:7960,No.103
7fe3a78e,Remote Stun Bomb,Remote Stun Bomb,Weapon,All,FriendShipUILevel3,3,207,The Inventor,,,,False,61041,1178:6461,
14018fb6,Decoy Hologrenade,Decoy Hologrenade,Weapon,All,Normal,,210,Animal Shelter,,,,True,61050,1178:10783,
66986736,Stealth Hologrenade,Stealth Hologrenade,Weapon,All,FriendShipUILevel2,2,210,Animal Shelter,,,,False,61051,1178:9161,
0d88248d,BT Hologrenade,BT Hologrenade,Weapon,All,FriendShipUILevel3,3,210,Animal Shelter,,,,False,61052,1178:8813,
527fcfaf,Phantom Gas Grenade,Phantom Gas Grenade,Weapon,All,FriendShipUILevel3,3,224,The Ghost Hunter,,,,False,61060,1178:8948,
288d3e7a,Dog Mine,Dog Mine,Weapon,All,MissionClear,,-1,,330,,,True,62010,1178:10627,No.106
22a60d36,Ghost Dog Mine,Ghost Dog Mine,Weapon,None,Normal,,-1,,0,,,False,62011,1178:8934,0
7c475a91,Floating Sentry Gun,Floating Sentry Gun,Weapon,All,Normal,,230,The Aeronautical Engineer,,,,True,62020,1178:8147,
7cb53112,Rocket Box [MP],Rocket Box [MP],Weapon,All,Normal,,224,The Ghost Hunter,381,,,False,62030,1178:9281,No.110
49b64e8d,Electric Trap,Electric Trap,Weapon,All,FriendShipUILevel2,2,214,The Architect,,,,False,62040,1178:5828,
1d7c2a66,Deployable Shield,Deployable Shield,Weapon,All,Normal,,208,The Pioneer,,,,False,62050,1178:3729,
581a7766,Custom Electric Rod,Custom Electric Rod,Weapon,All,FriendShipUILevel2,2,103,Villa Libre,,,,False,62100,1178:4333,
2a71f465,Custom High-Voltage Rod,Custom High-Voltage Rod,Weapon,All,FriendShipUILevel3,3,103,Villa Libre,,,,False,62101,1178:10584,
39210791,Custom Twin Rod,Custom Twin Rod,Weapon,All,FriendShipUILevel4,4,103,Villa Libre,,,,False,62110,1178:9302,
14889c47,Electric Rod,Electric Rod,Weapon,None,Normal,,-1,,,,,True,62120,1178:3931,
4b7f7765,High-Voltage Rod,High-Voltage Rod,Weapon,None,Normal,,-1,,,,,True,62130,1178:4995,
3914f466,Twin Rod,Twin Rod,Weapon,None,Normal,,-1,,,,,True,62140,1178:10232,
40b04616,Resins,Resins [{0}],RawMaterial,All,Normal,,-1,,,,,False,70010,1178:4560,
7c963e5e,Resins,Resins [{0}],RawMaterial,All,Normal,,-1,,,,,False,70011,1178:6878,
0efdbd5d,Resins,Resins [{0}],RawMaterial,All,Normal,,-1,,,,,False,70012,1178:10516,
13f4298c,Resins,Resins [{0}],RawMaterial,All,Normal,,-1,,,,,False,70013,1178:7866,
72d8ea43,,Resins,RawMaterial,None,Normal,,-1,,,,,False,70014,1178:3059,
4efe920b,,Resins,RawMaterial,None,Normal,,-1,,,,,False,70015,1178:8021,
1e7ecec5,Metals,Metals [{0}],RawMaterial,All,Normal,,-1,,,,,False,70020,1178:6913,
2258b68d,Metals,Metals [{0}],RawMaterial,All,Normal,,-1,,,,,False,70021,1178:4985,
5033358e,Metals,Metals [{0}],RawMaterial,All,Normal,,-1,,,,,False,70022,1178:9659,
53a9f55b,Metals,Metals [{0}],RawMaterial,All,Normal,,-1,,,,,False,70023,1178:8317,
2d34005c,,Metals,RawMaterial,None,Normal,,-1,,,,,False,70024,1178:10987,
11127814,,Metals,RawMaterial,None,Normal,,-1,,,,,False,70025,1178:3358,
7eef7ee6,Ceramics,Ceramics [{0}],RawMaterial,All,Normal,,-1,,,,,False,70030,1178:4688,
42c906ae,Ceramics,Ceramics [{0}],RawMaterial,All,Normal,,-1,,,,,False,70031,1178:8167,
30a285ad,Ceramics,Ceramics [{0}],RawMaterial,All,Normal,,-1,,,,,False,70032,1178:2890,
60a419c1,Ceramics,Ceramics [{0}],RawMaterial,All,Normal,,-1,,,,,False,70033,1178:5540,
7d10acb5,,Ceramics,RawMaterial,None,Normal,,-1,,,,,False,70034,1178:4632,
4136d4fd,,Ceramics,RawMaterial,None,Normal,,-1,,,,,False,70035,1178:4163,
066dc4c7,Chemicals,Chemicals [{0}],RawMaterial,All,Normal,,-1,,,,,False,70040,1178:8398,
3a4bbc8f,Chemicals,Chemicals [{0}],RawMaterial,All,Normal,,-1,,,,,False,70041,1178:6557,
48203f8c,Chemicals,Chemicals [{0}],RawMaterial,All,Normal,,-1,,,,,False,70042,1178:9943,
328a96a6,Chemicals,Chemicals [{0}],RawMaterial,All,Normal,,-1,,,,,False,70043,1178:4766,
5b049584,,Chemicals,RawMaterial,None,Normal,,-1,,,,,False,70044,1178:4559,
6722edcc,,Chemicals,RawMaterial,None,Normal,,-1,,,,,False,70045,1178:8098,
23a3b41c,Special Alloys,Special Alloys [{0}],RawMaterial,All,Normal,,-1,,,,,False,70050,1178:9168,
4e1e1e68,Grenade Pouch,Grenade Pouch,BackPack,BackPackCustomize,Normal,,202,The Government's Base,,,,True,70050,1178:7340,
1f85cc54,Special Alloys,Special Alloys [{0}],RawMaterial,All,Normal,,-1,,,,,False,70051,1178:9714,
6dee4f57,Special Alloys,Special Alloys [{0}],RawMaterial,All,Normal,,-1,,,,,False,70052,1178:8381,
78751246,Special Alloys,Special Alloys [{0}],RawMaterial,All,Normal,,-1,,,,,False,70053,1178:4865,
6537ace3,,Special Alloys,RawMaterial,None,Normal,,-1,,,,,False,70054,1178:10208,
5911d4ab,,Special Alloys,RawMaterial,None,Normal,,-1,,,,,False,70055,1178:7112,
3c87f6e8,Large Grenade Pouch,Large Grenade Pouch,BackPack,BackPackCustomize,FriendShipUILevel4,4,224,The Ghost Hunter,0,,,False,70060,1178:7905,0
3c759d6b,Utility Pouch,Utility Pouch,BackPack,BackPackCustomize,FriendShipUILevel3,3,213,Northern Environmental Observatory,0,,,False,70070,1178:6494,0
68bff980,Chiral Antigravity Device,Chiral Antigravity Device,BackPack,BackPackCustomize,FriendShipUILevel2,2,202,The Government's Base,,,,False,70080,1178:4873,
44352d24,Spare Ammo Container,Spare Ammo Container,BackPack,BackPackCustomize,Normal,,202,The Government's Base,,,,True,70090,1178:5264,
684d9203,Large Spare Ammo Container Lv1,Large Spare Ammo Container Lv1,BackPack,BackPackCustomize,FriendShipUILevel3,3,202,The Government's Base,,,,False,70100,1178:7669,
780f7fe2,Cryptobiote,Cryptobiote,BackPack,BackPackCustomize,Unique,,223,The Chronobiologist,,,,True,70100,1178:970,
5eae980a,Electrobiote,Electrobiote,BackPack,BackPackCustomize,Unique,,209,Rainbow Valley,,,,False,70101,1178:1701,
1a261100,Large Spare Ammo Container Lv2,Large Spare Ammo Container Lv2,BackPack,BackPackCustomize,FriendShipUILevel4,4,202,The Government's Base,,,,False,70110,1178:9859,
6b5f8c16,Chiral Tea,Chiral Tea,BackPack,BackPackCustomize,Unique,,223,The Chronobiologist,,,,False,70110,1178:1257,
0a64fce1,Love Knot,Love Knot,BackPack,BackPackCustomize,Unique,,223,The Chronobiologist,,,,False,70120,1178:1031,
25fc3650,Back Protector,Back Protector,BackPack,BackPackCustomize,Normal,,202,The Government's Base,,,,True,70120,1178:8809,
09848977,Electric Shock Absorber,Electric Shock Absorber,BackPack,BackPackCustomize,FriendShipUILevel2,2,203,Western Environmental Observatory,0,,,True,70130,1178:4354,0
4dfe6bfe,Porter,Porter,BackPack,BackPackCustomize,Unique,,107,The Bokka,,,,False,70130,1178:2241,
3f95e8fd,Quokka,Quokka,BackPack,BackPackCustomize,Unique,,210,Animal Shelter,,,,False,70140,1178:2074,
7bef0a74,Auto-Resuscitation Device,Auto-Resuscitation Device,BackPack,BackPackCustomize,FriendShipUILevel4,4,219,The Motherhood,0,,,False,70140,1178:9135,0
19340f15,Bell,Bell,BackPack,BackPackCustomize,Unique,,213,Northern Environmental Observatory,,,,False,70150,1178:1617,
4eec75eb,Solar Generator,Solar Generator,BackPack,BackPackCustomize,FriendShipUILevel2,2,209,Rainbow Valley,0,,,False,70150,1178:10653,0
2cc51b09,Boxing Kangaroos,Boxing Kangaroos,BackPack,BackPackCustomize,Unique,,215,F2 South Distribution Center,,,,False,70160,1178:927,
5797b553,Mini Extra Battery,Mini Extra Battery,BackPack,BackPackCustomize,FriendShipUILevel3,3,209,Rainbow Valley,0,,,False,70160,1178:9535,0
2f256e9f,Extra Battery Lv1,Extra Battery Lv1,BackPack,BackPackCustomize,Normal,,217,Heartman's Lab,0,,,True,70170,1178:6785,0
08605e71,Extra Battery Lv2,Extra Battery Lv2,BackPack,BackPackCustomize,FriendShipUILevel2,2,217,Heartman's Lab,,,,False,70180,1178:7084,
1b30ad85,Extra Battery Lv3,Extra Battery Lv3,BackPack,BackPackCustomize,FriendShipUILevel3,3,217,Heartman's Lab,,,,False,70190,1178:5333,
695b2e86,Extra Battery Lv4,Extra Battery Lv4,BackPack,BackPackCustomize,FriendShipUILevel4,4,217,Heartman's Lab,,,,False,70195,1178:7735,
365eae27,Backpack Cover Lv1,Backpack Cover Lv1,BackPack,BackPackCustomize,FriendShipUILevel2,2,212,The Fisherman,,,,False,70198,1178:5757,
7a0bdd72,Backpack Cover Lv2,Backpack Cover Lv2,BackPack,BackPackCustomize,FriendShipUILevel4,4,212,The Fisherman,,,,False,70199,1178:4885,
1221bf91,Patch 1: Ludens,Patch 1: Ludens,BackPack,BackPackCustomize,FriendShipUILevel5,5,226,F5 East Distribution Center,,,,False,70200,1178:10410,
5dbc861f,Stabilizer Lv1,Stabilizer Lv1,BackPack,BackPackCustomize,FriendShipUILevel2,2,228,Eastern Environmental Observatory,0,,,False,70210,1178:10212,0
604a3c92,Patch 2: KOJIMA PRODUCTIONS,Patch 2: KOJIMA PRODUCTIONS,BackPack,BackPackCustomize,Normal,,202,The Government's Base,0,,,True,70210,1178:8375,0
0976e2f4,Stabilizer Lv2,Stabilizer Lv2,BackPack,BackPackCustomize,FriendShipUILevel3,3,228,Eastern Environmental Observatory,0,,,False,70220,1178:3776,0
731acf66,Patch 3: APAS,Patch 3: APAS,BackPack,BackPackCustomize,FriendShipUILevel5,5,236,BPAS,,,,False,70220,1178:6958,
01714c65,Patch 4: Drawbridge,Patch 4: Drawbridge,BackPack,BackPackCustomize,Normal,,202,The Government's Base,0,,,True,70230,1178:6363,0
7b1d61f7,Stabilizer Lv3,Stabilizer Lv3,BackPack,BackPackCustomize,FriendShipUILevel4,4,228,Eastern Environmental Observatory,0,,,False,70230,1178:5383,0
55bb288e,Patch 5: Fragile Express,Patch 5: Fragile Express,BackPack,BackPackCustomize,FriendShipUILevel2,2,234,F7 North Distribution Center,,,,False,70240,1178:11265,
27d0ab8d,Patch 6: Bridges (A),Patch 6: Bridges (A),BackPack,BackPackCustomize,Normal,,102,Ciudad Nudo del Norte (C1),0,,,True,70250,1178:2994,0
34805879,Patch 7: Bridges (B),Patch 7: Bridges (B),BackPack,BackPackCustomize,Normal,,102,Ciudad Nudo del Norte (C1),0,,,True,70260,1178:6846,0
46ebdb7a,Patch 8: Bridges (C),Patch 8: Bridges (C),BackPack,BackPackCustomize,Normal,,102,Ciudad Nudo del Norte (C1),0,,,True,70270,1178:3128,0
18f8e75e,Patch 9: Porter,Patch 9: Porter,BackPack,BackPackCustomize,FriendShipUILevel3,3,107,The Bokka,,,,False,70280,1178:9505,
6a93645d,Patch 10: Pizza Atami,Patch 10: Pizza Atami,BackPack,BackPackCustomize,FriendShipUILevel5,5,218,The Pizza Chef,,,,False,70290,1178:10540,
018327e6,Patch 11: Certified Porter,Patch 11: Certified Porter,BackPack,BackPackCustomize,Unique,,-1,,,,,False,70300,1179:1186,
73e8a4e5,Patch 12: Advanced Porter,Patch 12: Advanced Porter,BackPack,BackPackCustomize,Unique,,-1,,,,,False,70310,1179:1672,
60b85711,Patch 13: Master Porter,Patch 13: Master Porter,BackPack,BackPackCustomize,Unique,,-1,,,,,False,70320,1179:1641,
12d3d412,Patch 14: A-,Patch 14: A-,BackPack,BackPackCustomize,Normal,,102,Ciudad Nudo del Norte (C1),0,,,True,70330,1178:7132,0
4619b0f9,Patch 15: A+,Patch 15: A+,BackPack,BackPackCustomize,Normal,,102,Ciudad Nudo del Norte (C1),0,,,True,70340,1178:4106,0
347233fa,Patch 16: B-,Patch 16: B-,BackPack,BackPackCustomize,Normal,,102,Ciudad Nudo del Norte (C1),0,,,True,70350,1178:7130,0
2722c00e,Patch 17: B+,Patch 17: B+,BackPack,BackPackCustomize,Normal,,102,Ciudad Nudo del Norte (C1),0,,,True,70360,1178:4285,0
5549430d,Patch 18: O-,Patch 18: O-,BackPack,BackPackCustomize,Normal,,102,Ciudad Nudo del Norte (C1),0,,,True,70370,1178:10931,0
0b5a7f29,Patch 19: O+,Patch 19: O+,BackPack,BackPackCustomize,Normal,,102,Ciudad Nudo del Norte (C1),0,,,True,70380,1178:5208,0
7931fc2a,Patch 20: AB-,Patch 20: AB-,BackPack,BackPackCustomize,Normal,,102,Ciudad Nudo del Norte (C1),0,,,True,70390,1178:3839,0
35648f7f,Patch 21: AB+,Patch 21: AB+,BackPack,BackPackCustomize,Normal,,102,Ciudad Nudo del Norte (C1),0,,,True,70400,1178:2993,0
470f0c7c,Patch 22: Golden Toadstool (S),Patch 22: Golden Toadstool (S),BackPack,BackPackCustomize,Normal,,102,Ciudad Nudo del Norte (C1),0,,,True,70410,1178:7922,0
545fff88,Patch 23: Golden Toadstool (M),Patch 23: Golden Toadstool (M),BackPack,BackPackCustomize,Normal,,102,Ciudad Nudo del Norte (C1),0,,,True,70420,1178:5335,0
26347c8b,Patch 24: Golden Toadstool (L),Patch 24: Golden Toadstool (L),BackPack,BackPackCustomize,Normal,,102,Ciudad Nudo del Norte (C1),0,,,True,70430,1178:8506,0
72fe1860,Patch 25: Smile,Patch 25: Smile,BackPack,BackPackCustomize,FriendShipUILevel5,5,104,C1 South Distribution Center,,,,False,70440,1178:5407,
00959b63,Patch 26: !,Patch 26: !,BackPack,BackPackCustomize,FriendShipUILevel5,5,204,The Lone Commander,,,,False,70450,1178:7661,
13c56897,Patch 27: Love it!,Patch 27: Love it!,BackPack,BackPackCustomize,FriendShipUILevel5,5,220,The Data Scientist,,,,False,70460,1178:9081,
61aeeb94,Patch 28: Animal,Patch 28: Animal,BackPack,BackPackCustomize,FriendShipUILevel5,5,210,Animal Shelter,,,,False,70470,1178:9633,
3fbdd7b0,Patch 29: Hot Spring,Patch 29: Hot Spring,BackPack,BackPackCustomize,FriendShipUILevel5,5,217,Heartman's Lab,,,,False,70480,1178:6855,
4dd654b3,Patch 30: American Cryptobiote,Patch 30: American Cryptobiote,BackPack,BackPackCustomize,Normal,,102,Ciudad Nudo del Norte (C1),0,,,True,70490,1178:4855,0
26c61708,Patch 31: Mexican Cryptobiote,Patch 31: Mexican Cryptobiote,BackPack,BackPackCustomize,FriendShipUILevel5,5,102,Ciudad Nudo del Norte (C1),,,,False,70500,1178:11059,
54ad940b,Patch 32: Australian Cryptobiote,Patch 32: Australian Cryptobiote,BackPack,BackPackCustomize,FriendShipUILevel5,5,202,The Government's Base,,,,False,70510,1178:6420,
47fd67ff,Patch 33: Electrobiote,Patch 33: Electrobiote,BackPack,BackPackCustomize,FriendShipUILevel5,5,209,Rainbow Valley,,,,False,70520,1178:11183,
3596e4fc,Patch 34: Chlorobiote,Patch 34: Chlorobiote,BackPack,BackPackCustomize,FriendShipUILevel5,5,216,The Dowser,,,,False,70530,1178:10073,
615c8017,Patch 35: Necrobiote,Patch 35: Necrobiote,BackPack,BackPackCustomize,FriendShipUILevel5,5,227,The Adventurer,,,,False,70540,1178:9869,
13370314,Patch 36: Chronobiote,Patch 36: Chronobiote,BackPack,BackPackCustomize,FriendShipUILevel5,5,223,The Chronobiologist,,,,False,70550,1178:9370,
0067f0e0,Patch 37: I Love BB,Patch 37: I Love BB,BackPack,BackPackCustomize,FriendShipUILevel5,5,205,The Musician,,,,False,70560,1178:7622,
720c73e3,Patch 38: BB in Pod,Patch 38: BB in Pod,BackPack,BackPackCustomize,FriendShipUILevel5,5,219,The Motherhood,,,,False,70570,1178:3399,
2c1f4fc7,Patch 39: Tentacle in BB Pod,Patch 39: Tentacle in BB Pod,BackPack,BackPackCustomize,FriendShipUILevel5,5,222,East Fort Knot (F4),,,,False,70580,1178:3912,
5e74ccc4,Patch 40: Wooden Blocks,Patch 40: Wooden Blocks,BackPack,BackPackCustomize,FriendShipUILevel5,5,214,The Architect,,,,False,70590,1178:10988,
5cabde4d,Patch 41: Adult Cryptobiote,Patch 41: Adult Cryptobiote,BackPack,BackPackCustomize,GameClear,,-1,,,,,False,70600,1178:3484,
2ec05d4e,Patch 42: Porter,Patch 42: Porter,BackPack,BackPackCustomize,FriendShipUILevel5,5,107,The Bokka,,,,False,70610,1178:8233,
3d90aeba,Patch 43: Like,Patch 43: Like,BackPack,BackPackCustomize,FriendShipUILevel5,5,228,Eastern Environmental Observatory,,,,False,70620,1178:5094,
4ffb2db9,Patch 44: Handprint,Patch 44: Handprint,BackPack,BackPackCustomize,FriendShipUILevel5,5,232,The Tar Therapist,,,,False,70630,1178:6468,
1b314952,Patch 45: BT Octopoid,Patch 45: BT Octopoid,BackPack,BackPackCustomize,FriendShipUILevel4,4,235,Terminal Fort Knot (F8),,,,False,70640,1178:3324,
695aca51,Patch 46: BT Bestia,Patch 46: BT Bestia,BackPack,BackPackCustomize,FriendShipUILevel5,5,227,The Adventurer,,,,False,70650,1178:7276,
7a0a39a5,Patch 47: BT Gigas,Patch 47: BT Gigas,BackPack,BackPackCustomize,FriendShipUILevel5,5,224,The Ghost Hunter,,,,False,70660,1178:11114,
0861baa6,Patch 48: BT Cetus,Patch 48: BT Cetus,BackPack,BackPackCustomize,FriendShipUILevel5,5,212,The Fisherman,,,,False,70670,1178:10933,
56728682,Patch 49: BT Magniceps,Patch 49: BT Magniceps,BackPack,BackPackCustomize,FriendShipUILevel5,5,108,The Artist,,,,False,70680,1178:6187,
24190581,Patch 50: BT Kheir,Patch 50: BT Kheir,BackPack,BackPackCustomize,FriendShipUILevel4,4,224,The Ghost Hunter,,,,False,70690,1178:3747,
4f09463a,Patch 51: BT Raia,Patch 51: BT Raia,BackPack,BackPackCustomize,FriendShipUILevel5,5,229,The Phantom Smith,,,,False,70700,1178:4119,
3d62c539,Patch 52: BT Megalocarcinus,Patch 52: BT Megalocarcinus,BackPack,BackPackCustomize,FriendShipUILevel5,5,235,Terminal Fort Knot (F8),,,,False,70710,1178:3838,
2e3236cd,Patch 53: Chiral Mammal,Patch 53: Chiral Mammal,BackPack,BackPackCustomize,FriendShipUILevel2,2,235,Terminal Fort Knot (F8),,,,False,70720,1178:4660,
5c59b5ce,Patch 54: Chiral Rodent,Patch 54: Chiral Rodent,BackPack,BackPackCustomize,FriendShipUILevel5,5,103,Villa Libre,,,,False,70730,1178:7538,
0893d125,Patch 55: Chiral Spider,Patch 55: Chiral Spider,BackPack,BackPackCustomize,FriendShipUILevel5,5,225,The Metagenomicist,,,,False,70740,1178:3065,
7af85226,Patch 56: DHV Magellan,Patch 56: DHV Magellan,BackPack,BackPackCustomize,FriendShipUILevel5,5,231,South Fort Knot (F6),,,,False,70750,1178:2876,
69a8a1d2,Patch 57: Tri-Cruiser,Patch 57: Tri-Cruiser,BackPack,BackPackCustomize,FriendShipUILevel5,5,105,Former Geophysics Research Lab,,,,False,70760,1178:4252,
1bc322d1,Patch 58: Pickup Off-Roader,Patch 58: Pickup Off-Roader,BackPack,BackPackCustomize,FriendShipUILevel5,5,203,Western Environmental Observatory,,,,False,70770,1178:7946,
45d01ef5,Patch 59: Coffin Board,Patch 59: Coffin Board,BackPack,BackPackCustomize,FriendShipUILevel5,5,221,The Mechanic,,,,False,70780,1178:7551,
37bb9df6,Patch 60: Monobike,Patch 60: Monobike,BackPack,BackPackCustomize,FriendShipUILevel5,5,234,F7 North Distribution Center,,,,False,70790,1178:7373,
7beeeea3,Patch 61: Monorail,Patch 61: Monorail,BackPack,BackPackCustomize,FriendShipUILevel5,5,206,West Fort Knot (F1),,,,False,70800,1178:3675,
09856da0,Patch 62: Cargo Catapult,Patch 62: Cargo Catapult,BackPack,BackPackCustomize,FriendShipUILevel5,5,230,The Aeronautical Engineer,,,,False,70810,1178:3102,
1ad59e54,Patch 63: Otter Hood,Patch 63: Otter Hood,BackPack,BackPackCustomize,FriendShipUILevel5,5,207,The Inventor,,,,False,70820,1178:8208,
68be1d57,Patch 64: Camel Hood,Patch 64: Camel Hood,BackPack,BackPackCustomize,FriendShipUILevel5,5,208,The Pioneer,,,,False,70830,1178:9165,
3c7479bc,Patch 65: Blood Boomerang,Patch 65: Blood Boomerang,BackPack,BackPackCustomize,FriendShipUILevel5,5,213,Northern Environmental Observatory,,,,False,70840,1178:7016,
4e1ffabf,Patch 66: Higgs's Guitar,Patch 66: Higgs's Guitar,BackPack,BackPackCustomize,FriendShipUILevel5,5,233,Southern Environmental Observatory,,,,False,70850,1178:8894,
5d4f094b,Patch 67: Impossible Shape,Patch 67: Impossible Shape,BackPack,BackPackCustomize,FriendShipUILevel5,5,237,Mr. Impossible,,,,False,70860,1178:4109,
2f248a48,Patch 68: Rainbow Lorikeet,Patch 68: Rainbow Lorikeet,BackPack,BackPackCustomize,Unique,,211,Rainy's Shelter,,,,False,70870,2851:11,
7137b66c,Patch 69: Boxing Kangaroos,Patch 69: Boxing Kangaroos,BackPack,BackPackCustomize,FriendShipUILevel5,5,215,F2 South Distribution Center,,,,False,70880,1178:7362,
035c356f,Patch 70: Quokka,Patch 70: Quokka,BackPack,BackPackCustomize,Normal,,102,Ciudad Nudo del Norte (C1),,,,False,70890,18271:104,
684c76d4,Patch 71: Chiral Feline,Patch 71: Chiral Feline,BackPack,BackPackCustomize,Normal,,102,Ciudad Nudo del Norte (C1),,,,False,70900,18271:102,
1a27f5d7,Patch 72: Why Me?,Patch 72: Why Me?,BackPack,BackPackCustomize,Normal,,102,Ciudad Nudo del Norte (C1),,,,False,70910,18271:146,
09770623,Patch: Link,Patch: Link,BackPack,BackPackCustomize,Normal,,-1,,,,,False,70920,1178:4662,
7b1c8520,Patch: Cancer,Patch: Cancer,BackPack,BackPackCustomize,Unique,,-1,,,,,False,70930,1179:1621,
2fd6e1cb,Patch: TTW,Patch: TTW,BackPack,BackPackCustomize,Unique,,-1,,,,,False,70940,1179:1502,
26c1ffeb,Tri-Cruiser,Tri-Cruiser,Vehicle,Vehicle,Normal,,-1,,80,,,True,80000,1178:742,No.8
12265772,Pickup Off-Roader,Pickup Off-Roader,Vehicle,Vehicle,MissionClear,,-1,,160,,,True,80010,1178:2831,No.13
02d60484,Sticky Cannon,Sticky Cannon,Vehicle,VehicleCustomize,Normal,,215,F2 South Distribution Center,,,,True,80100,1178:2494,
561c606f,Heavy Machine Gun,Heavy Machine Gun,Vehicle,VehicleCustomize,Normal,,215,F2 South Distribution Center,,,,True,80101,1178:1512,
5c375323,Mortar,Mortar,Vehicle,VehicleCustomize,FriendShipUILevel3,3,221,The Mechanic,,,,False,80110,1178:2710,
02246f07,Rocket Launcher,Rocket Launcher,Vehicle,VehicleCustomize,FriendShipUILevel4,4,221,The Mechanic,,,,False,80120,1178:2427,
704fec04,Chiral Cannon,Chiral Cannon,Vehicle,VehicleCustomize,Normal,,231,South Fort Knot (F6),,,,True,80130,1178:1859,
2e5cd020,Active Defense System,Active Defense System,Vehicle,VehicleCustomize,FriendShipUILevel2,2,231,South Fort Knot (F6),,,,False,80140,1178:2285,
11749cf3,Battery Unit Lv1,Battery Unit Lv1,Vehicle,VehicleCustomize,FriendShipUILevel2,2,206,West Fort Knot (F1),,,,True,80150,1178:1502,
79ad7144,Battery Unit Lv1,Battery Unit Lv1,Vehicle,VehicleCustomize,FriendShipUILevel2,2,206,West Fort Knot (F1),,,,True,80160,1178:2290,
631f1ff0,Battery Unit Lv2,Battery Unit Lv2,Vehicle,VehicleCustomize,FriendShipUILevel4,4,206,West Fort Knot (F1),,,,False,80170,1178:1557,
6afd82b0,Battery Unit Lv2,Battery Unit Lv2,Vehicle,VehicleCustomize,FriendShipUILevel4,4,206,West Fort Knot (F1),,,,False,80180,1178:1979,
2477e36c,Antigravity Unit,Antigravity Unit,Vehicle,VehicleCustomize,FriendShipUILevel2,2,221,The Mechanic,,,,False,80190,1178:1717,
4c5c6558,Antigravity Unit,Antigravity Unit,Vehicle,VehicleCustomize,FriendShipUILevel2,2,221,The Mechanic,,,,False,80200,1178:2445,
454c939b,Electrical Defense Unit,Electrical Defense Unit,Vehicle,VehicleCustomize,FriendShipUILevel3,3,231,South Fort Knot (F6),,,,False,80210,1178:1911,
189601b3,Electrical Defense Unit,Electrical Defense Unit,Vehicle,VehicleCustomize,FriendShipUILevel3,3,231,South Fort Knot (F6),,,,False,80220,1178:2358,
45bef818,Additional Armor,Additional Armor,Vehicle,VehicleCustomize,FriendShipUILevel2,2,221,The Mechanic,,,,False,80230,1178:1092,
0bc6f247,Additional Armor,Additional Armor,Vehicle,VehicleCustomize,FriendShipUILevel2,2,105,Former Geophysics Research Lab,,,,True,80240,1178:1816,
70bd8787,Spiked Tires for Slopes,Spiked Tires for Slopes,Vehicle,VehicleCustomize,Normal,,231,South Fort Knot (F6),,,,True,80250,1178:2352,
01357aed,Omnireflector,Omnireflector,Vehicle,None,Normal,,-1,,,,,False,80300,1178:5131,
0d8783b2,Desert Pink,Desert Pink,Vehicle,None,Normal,,-1,,,,,False,80300,1178:4724,
0e6612f3,Rainbow Purple,Rainbow Purple,Vehicle,None,Normal,,-1,,,,,False,80300,1178:6943,
1297e29a,Cool Blue,Cool Blue,Vehicle,None,Normal,,-1,,,,,True,80300,1178:8743,
1c21b955,Chiral Gold,Chiral Gold,Vehicle,None,Normal,,-1,,,,,False,80300,1178:10273,
1dc48a84,Rose Pink,Rose Pink,Vehicle,None,Normal,,-1,,,,,False,80300,1178:5568,
1e251bc5,Wolf Gray,Wolf Gray,Vehicle,None,Normal,,-1,,,,,True,80300,1178:4343,
2474e893,Volcano Orange,Volcano Orange,Vehicle,None,Normal,,-1,,,,,False,80300,1178:8571,
28c611cc,Emergency Yellow,Emergency Yellow,Vehicle,None,Normal,,-1,,,,,False,80300,1178:3981,
2ac2b35c,Navy Blue,Navy Blue,Vehicle,None,Normal,,-1,,,,,False,80300,1178:7096,
37d670e4,Blood Red,Blood Red,Vehicle,None,Normal,,-1,,,,,False,80300,1178:8177,
39602b2b,Mars Red,Mars Red,Vehicle,None,Normal,,-1,,,,,True,80300,1178:8643,
3b6489bb,Sandy Tan,Sandy Tan,Vehicle,None,Normal,,-1,,,,,False,80300,1178:9637,
40ec732f,Bright Yellow,Bright Yellow,Vehicle,None,Normal,,-1,,,,,False,80300,1178:6138,
410940fe,Coyote Brown,Coyote Brown,Vehicle,None,Normal,,-1,,,,,False,80300,1178:7136,
430de26e,Bridges Orange,Bridges Orange,Vehicle,None,Normal,,-1,,,,,True,80300,1178:7336,
52abd889,Olive Drab,Olive Drab,Vehicle,None,Normal,,-1,,,,,True,80300,1178:9747,
534eeb58,Ghost Green,Ghost Green,Vehicle,None,Normal,,-1,,,,,False,80300,1178:4358,
6448d280,Snow White,Snow White,Vehicle,None,Normal,,-1,,,,,True,80300,1178:4493,
664c7010,Express Purple,Express Purple,Vehicle,None,Normal,,-1,,,,,False,80300,1178:4189,
67a943c1,Signal Green,Signal Green,Vehicle,None,Normal,,-1,,,,,False,80300,1178:8714,
740bdbb6,Lightning Blue,Lightning Blue,Vehicle,None,Normal,,-1,,,,,False,80300,1178:10796,
75eee867,Grass Green,Grass Green,Vehicle,None,Normal,,-1,,,,,False,80300,1178:7138,
77ea4af7,Stealth Black,Stealth Black,Vehicle,None,Normal,,-1,,,,,True,80300,1178:9202,
0642f61a,Default,Default,Vehicle,VehicleCustomize,Normal,,-1,,,,,True,80400,1178:2765,
151205ee,Fragile,Fragile,Vehicle,VehicleCustomize,Unique,,-1,,,,,False,80401,2596:0,
677986ed,Rainy,Rainy,Vehicle,VehicleCustomize,Unique,,-1,,,,,False,80410,2891:0,
33b3e206,Tomorrow,Tomorrow,Vehicle,VehicleCustomize,Unique,,-1,,,,,False,80420,1194:0,
41d86105,Bridges,Bridges,Vehicle,VehicleCustomize,Normal,,-1,,,,,True,80430,1178:2585,
528892f1,Fragile Express,Fragile Express,Vehicle,VehicleCustomize,Normal,,-1,,,,,True,80440,1178:2714,
20e311f2,Porter,Porter,Vehicle,VehicleCustomize,Normal,,-1,,,,,True,80450,1178:2143,
7ef02dd6,KOJIMA PRODUCTIONS,KOJIMA PRODUCTIONS,Vehicle,VehicleCustomize,Normal,,-1,,,,,True,80460,1178:2328,
0c9baed5,Zero,Zero,Vehicle,VehicleCustomize,Normal,,-1,,,,,True,80470,1178:2106,
678bed6e,One,One,Vehicle,VehicleCustomize,Normal,,-1,,,,,True,80480,1178:1439,
15e06e6d,Two,Two,Vehicle,VehicleCustomize,Normal,,-1,,,,,True,80490,1178:2783,
06b09d99,Three,Three,Vehicle,VehicleCustomize,Normal,,-1,,,,,True,80500,1178:2350,
74db1e9a,APAC,APAC,Vehicle,VehicleCustomize,Normal,,-1,,,,,True,80510,1178:2802,
20117a71,DHV Magellan,DHV Magellan,Vehicle,VehicleCustomize,Unique,,-1,,,,,True,80520,1178:1474,
527af972,Drawbridge,Drawbridge,Vehicle,VehicleCustomize,Unique,,-1,,,,,True,80530,1178:1302,
412a0a86,ROG,ROG,Vehicle,VehicleCustomize,Unique,,-1,,,,,False,80540,1178:2848,
007c9b9e,KAIJU MUHOU CHITAI,KAIJU MUHOU CHITAI,Equipment,None,FriendShipUILevel3,3,205,The Musician,,,,True,99999,1178:6131,
008ef01d,Breathe In,Breathe In,Equipment,None,MissionClear,,-1,,428,,,False,99999,1178:9154,No.120
02a38917,Pop Virus,Pop Virus,Equipment,None,Normal,,205,The Musician,,,,True,99999,1178:11147,
0424495b,New Bridge Type Available,New Bridge Type Available,DeliveryMachine,None,FriendShipUILevel2,2,213,Northern Environmental Observatory,,,,True,99999,1178:5247,
04d622d8,,New Backpack Attachments Available,Equipment,None,Unique,,202,The Government's Base,,,,True,99999,1178:6000,
0532f5de,Pickup Off-Roader Improved,Pickup Off-Roader Improved,DeliveryMachine,None,Normal,,231,South Fort Knot (F6),,,,True,99999,1178:4913,
0709a7b5,Postbox,Postbox,DeliveryMachine,None,Normal,,103,Villa Libre,,,,True,99999,1178:5444,
0774c69c,Super EM Plasma,Super EM Plasma,DeliveryMachine,None,FriendShipUILevel5,5,236,BPAS,,,,False,99999,1178:6901,
087ad1d8,to the wilder FEAT ELLE FANNING,to the wilder FEAT ELLE FANNING,Equipment,None,FriendShipUILevel3,3,220,The Data Scientist,290,,,False,99999,1178:5946,No.25
0888ba5b,Not Around,Not Around,Equipment,None,MissionClear,,-1,,550,,,True,99999,1178:6918,No.47
08d6add3,Express Purple,Express Purple,BackPack,None,FriendShipUILevel4,4,108,The Artist,,,,False,99999,1181:105,
09339e02,Lightning Blue,Lightning Blue,BackPack,None,FriendShipUILevel3,3,235,Terminal Fort Knot (F8),,,,False,99999,1181:125,
096c6d5d,,null,Equipment,None,Normal,,205,The Musician,70,,,True,99999,1178:10315,No.7
099e06de,Are You Leaving,Are You Leaving,Equipment,None,Normal,,223,The Chronobiologist,450,,,True,99999,1178:7827,No.40
0a4a6b23,Rest at this facility,Rest at this facility,Equipment,None,FriendShipUILevel5,5,219,The Motherhood,,,,False,99999,1178:9007,
0a836a25,BT Crystal (Raia),BT Crystal (Raia),Equipment,None,Normal,,-1,,,,,False,99999,1178:10775,
0aa5c351,Low Roar,Low Roar,Equipment,None,MissionClear,,-1,,389,,,False,99999,1178:8922,No.114
0ab800a0,Rest at this facility,Rest at this facility,Equipment,None,FriendShipUILevel5,5,203,Western Environmental Observatory,,,,False,99999,1178:5179,
0ad20f43,Snow White,Snow White,BackPack,None,Normal,,-1,,,,,True,99999,1181:139,
0b373c92,Leather,Leather,BBPod,CostumeCustomize,Normal,,-1,,,,,False,99999,1181:141,
0b5cd7a6,Rest at this facility,Rest at this facility,Equipment,None,FriendShipUILevel5,5,225,The Metagenomicist,,,,False,99999,1178:3199,
0c2fb2cc,Cryptobiote Roulette,Cryptobiote Roulette,DeliveryMachine,None,FriendShipUILevel4,4,223,The Chronobiologist,,,,False,99999,1178:5447,
0ce5e07a,Ghost Blade,Ghost Blade,Weapon,None,Normal,,-1,,,,,True,99999,1178:6029,
0df35cff,,,Weapon,None,Normal,,-1,,,,,True,99999,1178:3878,
1022f5e2,,,DeliveryMachine,None,MissionClear,,-1,,,,,False,99999,1178:9521,
11011160,Death Stranding,Death Stranding,Equipment,None,Normal,,205,The Musician,10,,,True,99999,1178:10961,No.1
128c3e8b,,New Backpack Attachments Available,Equipment,None,Normal,,202,The Government's Base,,,,True,99999,1178:7680,
12c8bf6c,black drift,black drift,Equipment,None,MissionClear,,-1,,381,,,False,99999,1178:9686,No.110
12d57c9d,Rest at this facility,Rest at this facility,Equipment,None,FriendShipUILevel5,5,236,BPAS,,,,False,99999,1178:8785,
132c686a,MIIRA NO SAKEBI,MIIRA NO SAKEBI,Equipment,None,FriendShipUILevel2,2,205,The Musician,,,,True,99999,1178:7241,
13de03e9,Patience,Patience,Equipment,None,Normal,,227,The Adventurer,,,,False,99999,1178:8145,
14243568,Super Chiralium Extraction,Super Chiralium Extraction,DeliveryMachine,None,Normal,,236,BPAS,,,,False,99999,1178:10221,
14595441,Bridge (Foundation),Bridge (Foundation),DeliveryMachine,None,Normal,,-1,,,,,True,99999,1178:10009,
14ab3fc2,New Bridge Type Available,New Bridge Type Available,DeliveryMachine,None,FriendShipUILevel2,2,213,Northern Environmental Observatory,,,,False,99999,1178:4429,
1740ad8f,Electrobiote,Electrobiote,Weapon,None,Normal,,-1,,,,,False,99999,1178:9904,
1774baaf,,,DeliveryMachine,None,FriendShipUILevel2,2,202,The Government's Base,,,,True,99999,1178:9744,
1786d12c,,,Equipment,None,Normal,,102,Ciudad Nudo del Norte (C1),,,,False,99999,1178:4334,
180c2452,Rest at this facility,Rest at this facility,Equipment,None,FriendShipUILevel5,5,224,The Ghost Hunter,,,,False,99999,1178:9498,
1895a4e5,BB Pod Patterns,BB Pod Patterns,BBPod,None,FriendShipUILevel2,2,219,The Motherhood,,,,True,99999,1178:4374,
19075b26,to the wilder PIANO VERSION,to the wilder PIANO VERSION,Equipment,None,MissionClear,,205,The Musician,260,,,True,99999,1178:3856,No.22
191a98d7,Rest at this facility,Rest at this facility,Equipment,None,FriendShipUILevel5,5,214,The Architect,,,,False,99999,1178:7964,
191c491d,Chiral Shock Cannon,Chiral Shock Cannon,Weapon,None,Normal,,-1,,0,,,True,99999,1178:4366,0
19709734,Stealth Black,Stealth Black,BackPack,None,Normal,,-1,,,,,False,99999,1181:104,
19d399d1,BT Crystal (Gigas),BT Crystal (Gigas),Equipment,None,Normal,,-1,,,,,False,99999,1178:7918,
19e8f354,Rest at this facility,Rest at this facility,Equipment,None,FriendShipUILevel5,5,207,The Inventor,,,,False,99999,1178:4174,
1a3c9ea9,,,Equipment,None,Normal,,205,The Musician,130,,,False,99999,1178:4996,No.11
1a46fec9,,null,DeliveryMachine,None,Normal,,215,F2 South Distribution Center,,,,False,99999,1178:4282,
1a910675,Rainbow Purple,Rainbow Purple,BackPack,None,FriendShipUILevel4,4,234,F7 North Distribution Center,,,,False,99999,1181:114,
1acef52a,The Bride & the Bachelor,The Bride & the Bachelor,Equipment,None,Normal,,222,East Fort Knot (F4),430,,,True,99999,1178:6968,No.38
1b2a222c,PEKORANDOMBRAIN,PEKORANDOMBRAIN,Equipment,None,FriendShipUILevel3,3,220,The Data Scientist,80,,,False,99999,1178:7041,No.8
1b7435a4,Grass Green,Grass Green,BackPack,None,FriendShipUILevel4,4,231,South Fort Knot (F6),,,,False,99999,1181:103,
1bd849af,are you there,are you there,Equipment,None,Normal,,205,The Musician,550,,,True,99999,1178:5392,No.47
1c6a96e3,Fireworks,Fireworks,Weapon,None,FriendShipUILevel3,3,208,The Pioneer,,,,False,99999,1178:5103,
1dade260,,,DeliveryMachine,None,Normal,,-1,,,,,True,99999,1178:10358,
1f7f4138,To Another World,To Another World,DeliveryMachine,None,FriendShipUILevel3,3,232,The Tar Therapist,,,,False,99999,1178:5989,
20c0f523,Stickers,Stickers,BBPod,CostumeCustomize,Normal,,-1,,,,,False,99999,1181:143,
215a2bde,Transponder,Transponder,DeliveryMachine,None,Normal,,-1,,,,,True,99999,1178:3672,
21a8405d,Bridge,Bridge,DeliveryMachine,None,Normal,,-1,,,,,True,99999,1178:10619,
21d52174,Chiral Crystal Yield Boost,Chiral Crystal Yield Boost,DeliveryMachine,None,FriendShipUILevel3,3,225,The Metagenomicist,,,,False,99999,1178:8435,
2285aeb3,Cargo Catapults Improved,Cargo Catapults Improved,DeliveryMachine,None,Normal,,230,The Aeronautical Engineer,,,,False,99999,1178:10376,
22b1b993,Sandalweed,Sandalweed,Equipment,None,Normal,,218,The Pizza Chef,,,,False,99999,1178:9752,
236179b5,New Backpack Attachments Available,New Backpack Attachments Available,DeliveryMachine,None,Normal,,-1,,,,,True,99999,1178:4279,
23931236,Secrets of Pizza-Do Acrobatic Karate: Kicking,Secrets of Pizza-Do Acrobatic Karate: Kicking,DeliveryMachine,None,Unique,,218,The Pizza Chef,,,,False,99999,1178:2465,
248588ef,,null,Vehicle,None,Normal,,221,The Mechanic,,,,False,99999,1178:6520,
25e6b9f9,Asylums For The Feeling feat. Leila Adu,Asylums For The Feeling feat. Leila Adu,Equipment,None,Normal,,231,South Fort Knot (F6),500,,,True,99999,1178:4818,No.42
262f17f5,Hope feat. Denise Sherwood,Hope feat. Denise Sherwood,Equipment,None,Normal,,229,The Phantom Smith,,,,True,99999,1178:8909,
2632d404,Rest at this facility,Rest at this facility,Equipment,None,FriendShipUILevel5,5,221,The Mechanic,,,,False,99999,1178:4469,
26dd7c76,Geese,Geese,Equipment,None,MissionClear,,-1,,310,,,True,99999,1178:4599,No.28
2739ab70,Mothers,Mothers,Equipment,None,Normal,,205,The Musician,,,,True,99999,1178:8102,
287f55f9,Strand,Strand,Weapon,None,Normal,,-1,,,,,True,99999,1178:4207,
2b52bb17,,,Weapon,None,Normal,,-1,,,,,True,99999,1178:6611,
2c19e748,Rest at this facility,Rest at this facility,Equipment,None,FriendShipUILevel5,5,108,The Artist,,,,False,99999,1178:10393,
2c228dcd,BT Crystal (Bestia),BT Crystal (Bestia),Equipment,None,Normal,,-1,,,,,False,99999,1178:8701,
2ceb8ccb,Rest at this facility,Rest at this facility,Equipment,None,Unique,,211,Rainy's Shelter,,,,False,99999,2851:9,
2d973fad,Bridges Orange,Bridges Orange,BackPack,None,Normal,,-1,,,,,False,99999,1181:93,
2dfd304e,Rest at this facility,Rest at this facility,Equipment,None,FriendShipUILevel5,5,228,Eastern Environmental Observatory,,,,False,99999,1178:5367,
2e295db3,Indigo,Indigo,Equipment,None,MissionClear,,-1,,10,,,False,99999,1178:9048,No.1
2e76aeec,Ghost Green,Ghost Green,BackPack,None,FriendShipUILevel3,3,108,The Artist,,,,False,99999,1181:91,
2edb3630,Raindrops Keep Fallin' on My Head,Raindrops Keep Fallin' on My Head,Equipment,None,MissionClear,,205,The Musician,,,,True,99999,1178:4788,
2f3fe136,Give Up,Give Up,Equipment,None,Normal,,216,The Dowser,245,,,True,99999,1178:4291,No.20
2f939d3d,Coyote Brown,Coyote Brown,BackPack,None,Normal,,108,The Artist,,,,False,99999,1181:100,
2fcd8ab5,Dancing Ghosts (ft. Patrick Watson),Dancing Ghosts (ft. Patrick Watson),Equipment,None,Normal,,205,The Musician,50,,,True,99999,1178:4713,No.5
30318a41,Licky Stick,Licky Stick,DeliveryMachine,None,Unique,,-1,,140,,,False,99999,1178:1108,No.103
30c3e1c2,Secrets of Pizza-Do Acrobatic Karate: Slamming,Secrets of Pizza-Do Acrobatic Karate: Slamming,DeliveryMachine,None,Unique,,218,The Pizza Chef,,,,False,99999,1178:2791,
31049541,Chiral Cluster Bomb,Chiral Cluster Bomb,Weapon,None,Unique,,-1,,,,,True,99999,1178:6453,
31d55d47,Weather Forecasts Now Available,Weather Forecasts Now Available,DeliveryMachine,None,Normal,,-1,,,,,True,99999,1178:9609,
31e14a67,Cryptobiote,Cryptobiote,Weapon,None,Normal,,-1,,,,,False,99999,1178:10472,
3285d280,Construction Speed Boost,Construction Speed Boost,DeliveryMachine,None,FriendShipUILevel3,3,214,The Architect,,,,False,99999,1178:4395,
33626d54,Check,Check,BBPod,CostumeCustomize,Normal,,-1,,,,,False,99999,1181:85,
34695884,amekara nijie,amekara nijie,Equipment,None,MissionClear,,-1,,180,,,True,99999,1178:4007,No.15
357fe401,any love of any kind CHOIR VERSION,any love of any kind CHOIR VERSION,Equipment,None,Normal,,205,The Musician,260,,,True,99999,1178:11153,No.22
358d8f82,Without You,Without You,Equipment,None,Normal,,234,F7 North Distribution Center,,,,True,99999,1178:11137,
35904c73,Rest at this facility,Rest at this facility,Equipment,None,FriendShipUILevel5,5,209,Rainbow Valley,,,,False,99999,1178:6331,
35ab26f6,BT Crystal (Megalocarcinus),BT Crystal (Megalocarcinus),Equipment,None,Normal,,-1,,,,,False,99999,1178:9414,
3644218e,Horizon Dreamer,Horizon Dreamer,Equipment,None,Normal,,205,The Musician,140,,,True,99999,1178:8416,No.103
37271098,,,Vehicle,VehicleCustomize,Normal,,999,,,,,False,99999,1178:9721,
3821eb66,Chiral Bridge,Chiral Bridge,DeliveryMachine,None,Normal,,214,The Architect,,,,False,99999,1178:6659,
394c2f91,Red Mask,Red Mask,CostumeMask,None,FriendShipUILevel3,3,237,Mr. Impossible,237,,,False,99999,1178:7862,id237
3c31054a,Olive Drab,Olive Drab,BackPack,None,Normal,,-1,,,,,True,99999,1181:122,
3c6f12c2,to the wilder,to the wilder,Equipment,None,MissionClear,,217,Heartman's Lab,550,,,False,99999,1178:4338,No.47
3c9d7941,minus sixty one,minus sixty one,Equipment,None,MissionClear,,-1,,10,,,False,99999,1178:6658,No.1
3ce71921,,null,DeliveryMachine,None,FriendShipUILevel2,2,221,The Mechanic,,,,False,99999,1178:7265,
3d02c9b9,Canteen,Canteen,Equipment,None,Normal,,-1,,,,,False,99999,1178:6002,
3d79ae47,Death Stranding,Death Stranding,Equipment,None,MissionClear,,-1,,10,,,False,99999,1178:10062,No.1
3d8bc5c4,Rolling Over,Rolling Over,Equipment,None,MissionClear,,205,The Musician,500,,,True,99999,1178:8671,No.42
3dd4369b,Signal Green,Signal Green,BackPack,None,FriendShipUILevel4,4,108,The Artist,,,,False,99999,1181:118,
3e35a7da,Blood Red,Blood Red,BackPack,None,FriendShipUILevel3,3,233,Southern Environmental Observatory,,,,False,99999,1181:95,
3eadc3ba,Rest at this facility,Rest at this facility,Equipment,None,FriendShipUILevel5,5,232,The Tar Therapist,,,,False,99999,1178:4968,
3f4914bc,Rest at this facility,Rest at this facility,Equipment,None,FriendShipUILevel5,5,107,The Bokka,,,,False,99999,1178:6091,
3fbb7f3f,Rest at this facility,Rest at this facility,Equipment,None,FriendShipUILevel5,5,212,The Fisherman,,,,False,99999,1178:7150,
40615b29,Safe House,Safe House,DeliveryMachine,None,Normal,,217,Heartman's Lab,,,,True,99999,1178:6683,
409330aa,Watchtower,Watchtower,DeliveryMachine,None,Normal,,103,Villa Libre,,,,True,99999,1178:10610,
40ee5183,Super Aim Assistance,Super Aim Assistance,DeliveryMachine,None,FriendShipUILevel4,4,236,BPAS,,,,False,99999,1178:3653,
425a0942,Chiral Sculpture,Chiral Sculpture,DeliveryMachine,None,Unique,,237,Mr. Impossible,,,,False,99999,1178:993,
42a862c1,Improved Rubber Pizza,Improved Rubber Pizza,DeliveryMachine,None,FriendShipUILevel4,4,218,The Pizza Chef,,,,False,99999,1178:10814,
436f1642,Golden Hunters,Golden Hunters,Weapon,None,Normal,,232,The Tar Therapist,,,,False,99999,1178:7238,
43793d23,Ghost Dog Mine,Ghost Dog Mine,Weapon,None,Normal,,-1,,,,,True,99999,1178:6746,
438ac964,Chronobiote,Chronobiote,Weapon,None,Normal,,-1,,,,,False,99999,1178:9729,
43bede44,DHV Magellan Color Customization,DHV Magellan Color Customization,DeliveryMachine,None,Unique,,222,East Fort Knot (F4),,,,True,99999,1178:9244,
442fa28d,Polytope,Polytope,Equipment,None,MissionClear,,-1,,140,,,False,99999,1178:5385,No.103
44586e9f,Navy Blue,Navy Blue,BackPack,None,FriendShipUILevel2,2,108,The Artist,,,,False,99999,1181:102,
44f6f4ee,,,DeliveryMachine,None,Normal,,-1,,,,,False,99999,1178:8585,
4602db87,fragile things,fragile things,Equipment,None,GameClear,,-1,,560,,,True,99999,1178:4118,No.48
465ccc0f,Emergency Yellow,Emergency Yellow,BackPack,None,FriendShipUILevel4,4,232,The Tar Therapist,,,,False,99999,1181:92,
47146702,Woods,Woods,Equipment,None,MissionClear,,-1,,190,,,True,99999,1178:7015,No.16
47b9ffde,Wood Grain,Wood Grain,BBPod,CostumeCustomize,Normal,,-1,,,,,False,99999,1181:128,
47e60c81,Chariot I Plead feat. Tim Smith,Chariot I Plead feat. Tim Smith,Equipment,None,MissionClear,,-1,,550,,,True,99999,1178:3298,No.47
47fbcf70,Rest at this facility,Rest at this facility,Equipment,None,FriendShipUILevel5,5,208,The Pioneer,,,,False,99999,1178:10134,
4a4a6865,Cargo Catapult,Cargo Catapult,DeliveryMachine,None,Normal,,226,F5 East Distribution Center,,,,True,99999,1178:10705,
4aee3550,Bright Yellow,Bright Yellow,BackPack,None,Normal,,108,The Artist,,,,False,99999,1181:99,
4b27ac92,Golden Mask,Golden Mask,CostumeMask,None,FriendShipUILevel4,4,237,Mr. Impossible,237,,,False,99999,1178:7541,id237
4cc640b9,Rest at this facility,Rest at this facility,Equipment,None,FriendShipUILevel5,5,230,The Aeronautical Engineer,,,,False,99999,1178:6523,
4d19fd3a,BT Crystal (Delphis),BT Crystal (Delphis),Equipment,None,Normal,,-1,,,,,False,99999,1178:6051,
4d2297bf,Rest at this facility,Rest at this facility,Equipment,None,FriendShipUILevel5,5,103,Villa Libre,,,,False,99999,1178:7317,
4dd0fc3c,Rest at this facility,Rest at this facility,Equipment,None,FriendShipUILevel5,5,213,Northern Environmental Observatory,,,,False,99999,1178:4486,
4e0491c1,to the wilder,to the wilder,Equipment,None,MissionClear,,-1,,260,,,False,99999,1178:3115,No.22
4ef6fa42,minus sixty one,minus sixty one,Equipment,None,Normal,,205,The Musician,10,,,True,99999,1178:6948,No.1
4f122d44,Indigo,Indigo,Equipment,None,Normal,,205,The Musician,10,,,True,99999,1178:9543,No.1
4f694aba,Canteen Lv2,Canteen Lv2,Equipment,None,FriendShipUILevel2,2,232,The Tar Therapist,,,,False,99999,1178:2476,
4fe046c7,to the wilder FEAT ELLE FANNING,to the wilder FEAT ELLE FANNING,Equipment,None,GameClear,,205,The Musician,560,,,True,99999,1178:8330,No.48
50cd8e35,,Floating Sentry Gun,Weapon,None,Normal,,230,The Aeronautical Engineer,0,,,True,99999,1178:6289,0
50da3a90,,null,DeliveryMachine,None,FriendShipUILevel2,2,-1,,,,,False,99999,1178:5442,
50ee2db0,Road Upgrade Available,Road Upgrade Available,DeliveryMachine,None,FriendShipUILevel2,2,222,East Fort Knot (F4),,,,False,99999,1178:6988,
510afab6,Bandana Set,Bandana Set,CostumeCap,None,Normal,,-1,,,,,False,99999,1178:4686,
51f89135,Secrets of Pizza-Do Acrobatic Karate: Striking,Secrets of Pizza-Do Acrobatic Karate: Striking,DeliveryMachine,None,Unique,,218,The Pizza Chef,,,,False,99999,1178:1640,
5331a8dd,Safe House (Foundation),Safe House (Foundation),DeliveryMachine,None,Normal,,217,Heartman's Lab,,,,True,99999,1178:5592,
53c3c35e,Generator,Generator,DeliveryMachine,None,Normal,,-1,,,,,True,99999,1178:9840,
541b67a9,Iridescent,Iridescent,BBPod,CostumeCustomize,Normal,,-1,,,,,False,99999,1181:84,
544494f6,BB's Theme,BB's Theme,Equipment,None,MissionClear,,-1,,560,,,True,99999,1178:4270,No.48
54595707,Rest at this facility,Rest at this facility,Equipment,None,FriendShipUILevel5,5,220,The Data Scientist,,,,False,99999,1178:7221,
54b6ff75,story of rainy,story of rainy,Equipment,None,MissionClear,,-1,,180,,,True,99999,1178:8829,No.15
550ddb2c,Phantom Grey,Phantom Grey,Magellan,None,Normal,,222,East Fort Knot (F4),,,,True,99999,1181:120,
55522873,Deathly,Deathly,Equipment,None,Normal,,205,The Musician,,,,True,99999,1178:5652,
55fe5478,Sandy Tan,Sandy Tan,BackPack,None,FriendShipUILevel5,5,108,The Artist,,,,False,99999,1181:109,
578d3afa,are you there,are you there,Equipment,None,Normal,,234,F7 North Distribution Center,520,,,False,99999,1178:7552,No.44
57faf6e8,Mars Red,Mars Red,BackPack,None,FriendShipUILevel3,3,233,Southern Environmental Observatory,,,,False,99999,1181:123,
594cad27,Volcano Orange,Volcano Orange,BackPack,None,FriendShipUILevel2,2,108,The Artist,,,,False,99999,1181:94,
5a14d6fa,Urination,Urination,Weapon,None,Normal,,-1,,,,,True,99999,1178:6954,
5b21c9fa,Harmonica,Harmonica,DeliveryMachine,None,Normal,,-1,,,,,True,99999,1178:7740,
5c42deb0,Field Of Dreams,Field Of Dreams,Equipment,None,MissionClear,,-1,,550,,,True,99999,1178:6041,No.47
5cb0b533,On The Beach,On The Beach,Equipment,None,Normal,,205,The Musician,80,,,True,99999,1178:10969,No.8
5d546235,Famous Men,Famous Men,Equipment,None,MissionClear,,216,The Dowser,245,,,False,99999,1178:7583,No.20
5da609b6,Rome,Rome,Equipment,None,Normal,,219,The Motherhood,50,,,True,99999,1178:10306,No.5
5ddc69d6,,null,DeliveryMachine,None,Normal,,221,The Mechanic,,,,False,99999,1178:8747,
5e490ece,BT Crystal (Octopoid),BT Crystal (Octopoid),Equipment,None,Normal,,-1,,,,,False,99999,1178:9564,
5e72644b,Rest at this facility,Rest at this facility,Equipment,None,FriendShipUILevel5,5,202,The Government's Base,,,,False,99999,1178:5972,
5e800fc8,Rest at this facility,Rest at this facility,Equipment,None,FriendShipUILevel5,5,210,Animal Shelter,,,,False,99999,1178:6423,
5f96b34d,Rest at this facility,Rest at this facility,Equipment,None,FriendShipUILevel5,5,229,The Phantom Smith,,,,False,99999,1178:8047,
60a33c6f,quiet strike,quiet strike,Equipment,None,Unique,,-1,,,,,False,99999,1179:1511,
60beff9e,Rest at this facility,Rest at this facility,Equipment,None,FriendShipUILevel5,5,233,Southern Environmental Observatory,,,,False,99999,1178:8401,
60fccf30,Rose Pink,Rose Pink,BackPack,None,FriendShipUILevel5,5,108,The Artist,,,,False,99999,1181:127,
6147eb69,YUUSEIKARA KITA KYOUDAI,YUUSEIKARA KITA KYOUDAI,Equipment,None,FriendShipUILevel5,5,205,The Musician,,,,True,99999,1178:6891,
61b580ea,Please Don't Stop (Chapter 2),Please Don't Stop (Chapter 2),Equipment,None,MissionClear,,-1,,405,,,False,99999,1178:7123,No.117
631d5e71,Desert Pink,Desert Pink,BackPack,None,FriendShipUILevel3,3,108,The Artist,,,,False,99999,1181:132,
636a9263,Nightmares,Nightmares,Equipment,None,Normal,,205,The Musician,10,,,True,99999,1178:4603,No.1
64098529,Motion Scanner,Motion Scanner,DeliveryMachine,None,Normal,,202,The Government's Base,,,,True,99999,1178:8560,
651f39ac,,,DeliveryMachine,None,FriendShipUILevel2,2,202,The Government's Base,,,,True,99999,1178:10860,
652b2e8c,Chlorobiote,Chlorobiote,Weapon,None,Normal,,-1,,,,,False,99999,1178:9964,
6632d742,Jump Ramp,Jump Ramp,DeliveryMachine,None,Normal,,217,Heartman's Lab,,,,True,99999,1178:4438,
664fb66b,Super Balance Assistance,Super Balance Assistance,DeliveryMachine,None,FriendShipUILevel2,2,236,BPAS,,,,False,99999,1178:7825,
66c0bcc1,Hot Spring Digger,Hot Spring Digger,DeliveryMachine,None,Unique,,-1,,,,,False,99999,1192:2,
66e31f44,Heavy Machine Gun [MP],Heavy Machine Gun [MP],Weapon,None,Normal,,-1,,,,,True,99999,1178:7800,
66f4abe1,Odradek Light,Odradek Light,Equipment,None,Normal,,-1,,,,,True,99999,1178:7650,
682d7dca,,null,DeliveryMachine,None,Normal,,215,F2 South Distribution Center,,,,False,99999,1178:6593,
68571daa,Sayonara,Sayonara,Equipment,None,Normal,,205,The Musician,130,,,True,99999,1178:2913,No.11
68a57629,Cliffhanger,Cliffhanger,Equipment,None,Normal,,217,Heartman's Lab,300,,,True,99999,1178:10179,No.26
6941a12f,Rolling Over,Rolling Over,Equipment,None,Normal,,223,The Chronobiologist,360,,,False,99999,1178:8886,No.32
69b3caac,Tell The Truth,Tell The Truth,Equipment,None,MissionClear,,-1,,470,,,False,99999,1178:3377,No.122
6a67a751,Rest at this facility,Rest at this facility,Equipment,None,FriendShipUILevel5,5,223,The Chronobiologist,,,,False,99999,1178:10497,
6b6cd825,tmrrw,tmrrw,Equipment,None,MissionClear,,-1,,260,,,True,99999,1178:9489,No.22
6b711bd4,Rest at this facility,Rest at this facility,Equipment,None,FriendShipUILevel5,5,216,The Dowser,,,,False,99999,1178:5663,
6b77ca1e,Tar Cannon,Tar Cannon,Weapon,None,Normal,,-1,,0,,,True,99999,1178:7628,0
6b837057,Rest at this facility,Rest at this facility,Equipment,None,FriendShipUILevel5,5,205,The Musician,,,,False,99999,1178:3027,
6bb81ad2,BT Crystal (Cetus),BT Crystal (Cetus),Equipment,None,Normal,,-1,,,,,False,99999,1178:4613,
6e0115e0,Dollman Cam,Dollman Cam,Weapon,None,Normal,,-1,,,,,True,99999,1178:11226,
6f17a965,Chiral Cluster Bomb,Chiral Cluster Bomb,Weapon,None,Normal,,-1,,,,,True,99999,1178:10495,
6fafa72e,Omnireflector,Omnireflector,BackPack,None,Normal,,237,Mr. Impossible,,,,False,99999,1181:124,
6fc66163,Instant Camera,Instant Camera,DeliveryMachine,None,Unique,,221,The Mechanic,,,,True,99999,1178:2729,
70bfc606,Wolf Gray,Wolf Gray,BackPack,None,Normal,,-1,,,,,False,99999,1181:90,
70c80a14,Fushigi,Fushigi,Equipment,None,Normal,,205,The Musician,,,,True,99999,1178:4313,
7217189d,ULTRA SAKUSEN DAI ICHIGOU,ULTRA SAKUSEN DAI ICHIGOU,Equipment,None,FriendShipUILevel4,4,205,The Musician,,,,True,99999,1178:8182,
72bb6496,Chiral Gold,Chiral Gold,Magellan,None,FriendShipUILevel2,2,237,Mr. Impossible,,,,False,99999,1181:89,
72e5731e,Hummingbird,Hummingbird,Equipment,None,MissionClear,,-1,,426,,,False,99999,1178:10000,No.121
735e5747,Carbon,Carbon,BBPod,CostumeCustomize,Normal,,-1,,,,,False,99999,1181:101,
73f3cf9b,asphalt maelstrom,asphalt maelstrom,Equipment,None,Normal,,205,The Musician,,,,True,99999,1178:10333,
751f459f,,,DeliveryMachine,None,FriendShipUILevel3,3,236,BPAS,,,,False,99999,1178:4086,
756224b6,Timefall Shelter,Timefall Shelter,DeliveryMachine,None,Normal,,104,C1 South Distribution Center,40,,,True,99999,1178:8603,No.4
764fca58,Jump Ramps Improved,Jump Ramps Improved,DeliveryMachine,None,FriendShipUILevel4,4,230,The Aeronautical Engineer,,,,False,99999,1178:4406,
767bdd78,Necrobiote,Necrobiote,Weapon,None,Normal,,-1,,,,,False,99999,1178:4465,
76bda1db,,,Equipment,None,Normal,,105,Former Geophysics Research Lab,,,,True,99999,1178:8256,
775976dd,Rest at this facility,Rest at this facility,DeliveryMachine,None,Normal,,-1,,,,,False,99999,1178:5898,
7821e820,Rest at this facility,Rest at this facility,Equipment,None,FriendShipUILevel5,5,218,The Pizza Chef,,,,False,99999,1178:8683,
78ce4052,Let's Not Say Another Word,Let's Not Say Another Word,Equipment,None,Normal,,221,The Mechanic,,,,False,99999,1178:6124,
78d383a3,Rest at this facility,Rest at this facility,Equipment,None,FriendShipUILevel5,5,204,The Lone Commander,,,,False,99999,1178:11208,
78e8e926,BT Crystal (Kheir),BT Crystal (Kheir),Equipment,None,Normal,,-1,,,,,False,99999,1178:10539,
793754a5,Rest at this facility,Rest at this facility,Equipment,None,FriendShipUILevel5,5,227,The Adventurer,,,,False,99999,1178:3920,
79c53f26,Rest at this facility,Rest at this facility,Equipment,None,FriendShipUILevel5,5,237,Mr. Impossible,,,,False,99999,1178:8956,
7a1152db,to the wilder FEAT ELLE FANNING,to the wilder FEAT ELLE FANNING,Equipment,None,MissionClear,,-1,,560,,,False,99999,1178:7818,No.48
7ae33958,Afraid,Afraid,Equipment,None,Normal,,225,The Metagenomicist,550,,,True,99999,1178:9337,No.47
7b07ee5e,Just How It Goes,Just How It Goes,Equipment,None,Normal,,205,The Musician,70,,,True,99999,1178:8097,No.7
7bf585dd,Little Nest,Little Nest,Equipment,None,Normal,,228,Eastern Environmental Observatory,460,,,True,99999,1178:5034,No.41
7c0d3f59,Cool Blue,Cool Blue,BackPack,None,Normal,,108,The Artist,,,,False,99999,1181:111,
7f98dffc,,,Weapon,None,Normal,,-1,,,,,True,99999,1178:11240,
